url,mls_number,address,price,bedrooms,bathrooms,sqft,property_type,image_url,country,city,province,local_image_path
https://www.realtor.ca/real-estate/29005986/605-1140-parkwest-place-mississauga-lakeview-lakeview,29005986,"605 - 1140 PARKWEST PLACE, Mississauga (Lakeview), Ontario",719000,2,2,1000,,https://cdn.realtor.ca/listings/TS638963488631200000/reb82/highres/1/w12469841_1.jpg,CA,Mississauga (Lakeview),Ontario,scripts/images_ca_selenium/29005986.jpg
https://www.realtor.ca/real-estate/29005971/37-heatherwood-crescent-markham-unionville-unionville,29005971,"37 HEATHERWOOD CRESCENT, Markham (Unionville), Ontario",2688000,5 + 2,4,3500,,https://cdn.realtor.ca/listings/TS638963468883500000/reb82/highres/0/n12469830_1.jpg,CA,Markham (Unionville),Ontario,scripts/images_ca_selenium/29005971.jpg
https://www.realtor.ca/real-estate/29005968/2323-dobbinton-street-oshawa-windfields-windfields,29005968,"2323 DOBBINTON STREET, Oshawa (Windfields), Ontario",839000,5 + 1,4,3000,,https://cdn.realtor.ca/listings/TS638963467069530000/reb82/highres/9/e12469829_1.jpg,CA,Oshawa (Windfields),Ontario,scripts/images_ca_selenium/29005968.jpg
https://www.realtor.ca/real-estate/29005967/140-spring-forest-square-toronto-agincourt-south-malvern-west-agincourt-south-malvern-west,29005967,"140 SPRING FOREST SQUARE, Toronto (Agincourt South-Malvern West), Ontario",699900,3 + 1,3,1100,,https://cdn.realtor.ca/listings/TS638963467062100000/reb82/highres/6/e12469826_1.jpg,CA,Toronto (Agincourt South-Malvern West),Ontario,scripts/images_ca_selenium/29005967.jpg
https://www.realtor.ca/real-estate/29005928/511-700-sheppard-avenue-w-toronto-bathurst-manor-bathurst-manor,29005928,"511 - 700 SHEPPARD AVENUE W, Toronto (Bathurst Manor), Ontario",1050880,2,2,700,,https://cdn.realtor.ca/listings/TS638963449897400000/reb82/highres/1/c12469811_1.jpg,CA,Toronto (Bathurst Manor),Ontario,scripts/images_ca_selenium/29005928.jpg
https://www.realtor.ca/real-estate/29005929/601-700-sheppard-avenue-w-toronto-bathurst-manor-bathurst-manor,29005929,"601 - 700 SHEPPARD AVENUE W, Toronto (Bathurst Manor), Ontario",1160600,2 + 1,2,800,,https://cdn.realtor.ca/listings/TS638963449898430000/reb82/highres/2/c12469812_1.jpg,CA,Toronto (Bathurst Manor),Ontario,scripts/images_ca_selenium/29005929.jpg
https://www.realtor.ca/real-estate/29005931/902-700-sheppard-avenue-w-toronto-bathurst-manor-bathurst-manor,29005931,"902 - 700 SHEPPARD AVENUE W, Toronto (Bathurst Manor), Ontario",1559600,2,3,1000,,https://cdn.realtor.ca/listings/TS638963449901400000/reb82/highres/0/c12469820_1.jpg,CA,Toronto (Bathurst Manor),Ontario,scripts/images_ca_selenium/29005931.jpg
https://www.realtor.ca/real-estate/29005912/810-700-sheppard-avenue-w-toronto-bathurst-manor-bathurst-manor,29005912,"810 - 700 SHEPPARD AVENUE W, Toronto (Bathurst Manor), Ontario",1040880,2,1,700,,https://cdn.realtor.ca/listings/TS638963430485630000/reb82/highres/5/c12469805_1.jpg,CA,Toronto (Bathurst Manor),Ontario,scripts/images_ca_selenium/29005912.jpg
https://www.realtor.ca/real-estate/29005909/802-700-sheppard-avenue-w-toronto-bathurst-manor-bathurst-manor,29005909,"802 - 700 SHEPPARD AVENUE W, Toronto (Bathurst Manor), Ontario",1068200,2,2,700,,https://cdn.realtor.ca/listings/TS638963430473800000/reb82/highres/0/c12469800_1.jpg,CA,Toronto (Bathurst Manor),Ontario,scripts/images_ca_selenium/29005909.jpg
https://www.realtor.ca/real-estate/29005906/127-sultana-avenue-toronto-englemount-lawrence-englemount-lawrence,29005906,"127 SULTANA AVENUE, Toronto (Englemount-Lawrence), Ontario",3499999,4,4,3500,,https://cdn.realtor.ca/listings/TS638963430464130000/reb82/highres/3/c12469793_1.jpg,CA,Toronto (Englemount-Lawrence),Ontario,scripts/images_ca_selenium/29005906.jpg
https://www.realtor.ca/real-estate/29005896/27-jardine-street-brampton-northgate-northgate,29005896,"27 JARDINE STREET, Brampton (Northgate), Ontario",999900,4 + 2,4,1500,,https://cdn.realtor.ca/listings/TS638963421391270000/reb82/highres/6/w12469786_1.jpg,CA,Brampton (Northgate),Ontario,scripts/images_ca_selenium/29005896.jpg
https://www.realtor.ca/real-estate/29005895/4402-60-absolute-avenue-mississauga-city-centre-city-centre,29005895,"4402 - 60 ABSOLUTE AVENUE, Mississauga (City Centre), Ontario",618800,2 + 1,2,1000,,https://cdn.realtor.ca/listings/TS638963421389730000/reb82/highres/9/w12469779_1.jpg,CA,Mississauga (City Centre),Ontario,scripts/images_ca_selenium/29005895.jpg
https://www.realtor.ca/real-estate/29005892/523-exmoor-street-waterloo,29005892,"523 EXMOOR STREET, Waterloo, Ontario",699900,3 + 1,3,1100,,https://cdn.realtor.ca/listings/TS638963418684500000/reb47/highres/3/x12469803_1.jpg,CA,Waterloo,Ontario,scripts/images_ca_selenium/29005892.jpg
https://www.realtor.ca/real-estate/29005711/152-overlea-drive-kitchener,29005711,"152 OVERLEA DRIVE, Kitchener, Ontario",724999,3,3,1100,,https://cdn.realtor.ca/listings/TS638963352142500000/reb82/highres/1/x12469721_1.jpg,CA,Kitchener,Ontario,scripts/images_ca_selenium/29005711.jpg
https://www.realtor.ca/real-estate/29005636/152-overlea-drive-kitchener,29005636,"152 OVERLEA Drive, Kitchener, Ontario",724999,3,3,1196,,https://cdn.realtor.ca/listings/TS638963327200630000/reb14/highres/6/40780306_1.jpg,CA,Kitchener,Ontario,scripts/images_ca_selenium/29005636.jpg
https://www.realtor.ca/real-estate/29005278/146-appalachian-crescent-kitchener,29005278,"146 APPALACHIAN CRESCENT, Kitchener, Ontario",649000,3 + 3,2,700,,https://cdn.realtor.ca/listings/TS638963263448370000/reb82/highres/7/x12469547_1.jpg,CA,Kitchener,Ontario,scripts/images_ca_selenium/29005278.jpg
https://www.realtor.ca/real-estate/29005276/1502-108-garment-street-kitchener,29005276,"1502 - 108 GARMENT STREET, Kitchener, Ontario",579900,2,2,900,,https://cdn.realtor.ca/listings/TS638963263445830000/reb82/highres/6/x12469536_1.jpg,CA,Kitchener,Ontario,scripts/images_ca_selenium/29005276.jpg
https://www.realtor.ca/real-estate/29005259/31-mill-street-unit-89-kitchener,29005259,"31 MILL Street Unit# 89, Kitchener, Ontario",699900,2,3,1154,,https://cdn.realtor.ca/listings/TS638963263039830000/reb14/highres/5/40780305_1.jpg,CA,Kitchener,Ontario,scripts/images_ca_selenium/29005259.jpg
https://www.realtor.ca/real-estate/29005260/31-mill-street-unit-86-kitchener,29005260,"31 MILL Street Unit# 86, Kitchener, Ontario",699900,2,3,1154,,https://cdn.realtor.ca/listings/TS638963261979370000/reb14/highres/4/40780304_1.jpg,CA,Kitchener,Ontario,scripts/images_ca_selenium/29005260.jpg
https://www.realtor.ca/real-estate/29005261/31-mill-street-unit-83-kitchener,29005261,"31 MILL Street Unit# 83, Kitchener, Ontario",699900,2,3,1154,,https://cdn.realtor.ca/listings/TS638963261980500000/reb14/highres/3/40780303_1.jpg,CA,Kitchener,Ontario,scripts/images_ca_selenium/29005261.jpg
https://www.realtor.ca/real-estate/29005262/31-mill-street-unit-29-kitchener,29005262,"31 MILL Street Unit# 29, Kitchener, Ontario",699900,2,3,1154,,https://cdn.realtor.ca/listings/TS638963261981800000/reb14/highres/1/40780301_1.jpg,CA,Kitchener,Ontario,scripts/images_ca_selenium/29005262.jpg
https://www.realtor.ca/real-estate/29005222/49-woodland-avenue-kitchener,29005222,"49 WOODLAND Avenue, Kitchener, Ontario",638000,3,2,1132,,https://cdn.realtor.ca/listings/TS638963256122230000/reb14/highres/8/40772598_1.jpg,CA,Kitchener,Ontario,scripts/images_ca_selenium/29005222.jpg
https://www.realtor.ca/real-estate/29005210/31-mill-street-unit-35-kitchener,29005210,"31 MILL Street Unit# 35, Kitchener, Ontario",699900,2,3,1154,,https://cdn.realtor.ca/listings/TS638963255396370000/reb14/highres/9/40780299_1.jpg,CA,Kitchener,Ontario,scripts/images_ca_selenium/29005210.jpg
https://www.realtor.ca/real-estate/29005211/31-mill-street-unit-38-kitchener,29005211,"31 MILL Street Unit# 38, Kitchener, Ontario",699900,2,3,1154,,https://cdn.realtor.ca/listings/TS638963255397600000/reb14/highres/7/40780297_1.jpg,CA,Kitchener,Ontario,scripts/images_ca_selenium/29005211.jpg
https://www.realtor.ca/real-estate/29005869/9599-argyle-street-north-middlesex-rural-north-middlesex,29005869,"9599 ARGYLE STREET, North Middlesex, Ontario",1550000,,0,0,,https://cdn.realtor.ca/listings/TS638963402581430000/reb13/highres/4/x12469774_1.jpg,CA,North Middlesex,Ontario,scripts/images_ca_selenium/29005869.jpg
https://www.realtor.ca/real-estate/29005547/1734-tigerlily-road-london-south-south-a-south-a,29005547,"1734 TIGERLILY ROAD, London South (South A), Ontario",998000,4 + 1,4,2500,,https://cdn.realtor.ca/listings/TS638963314258700000/reb13/highres/2/x12469682_1.jpg,CA,London South (South A),Ontario,scripts/images_ca_selenium/29005547.jpg
https://www.realtor.ca/real-estate/29005472/9-990-deveron-crescent-london-south-south-j-south-j,29005472,"9 - 990 DEVERON CRESCENT, London South (South J), Ontario",449900,3,3,1400,,https://cdn.realtor.ca/listings/TS638963293752300000/reb13/highres/5/x12469635_1.jpg,CA,London South (South J),Ontario,scripts/images_ca_selenium/29005472.jpg
https://www.realtor.ca/real-estate/29005244/134-keats-drive-woodstock-woodstock-south-woodstock-south,29005244,"134 KEATS DRIVE, Woodstock (Woodstock - South), Ontario",509134,3,2,700,,https://cdn.realtor.ca/listings/TS638963260472900000/reb33/highres/5/x12469595_1.jpg,CA,Woodstock (Woodstock - South),Ontario,scripts/images_ca_selenium/29005244.jpg
https://www.realtor.ca/real-estate/29005082/48-cash-crescent-ingersoll-ingersoll-south-ingersoll-south,29005082,"48 CASH CRESCENT, Ingersoll (Ingersoll - South), Ontario",699000,4 + 1,4,2000,,https://cdn.realtor.ca/listings/TS638963246277700000/reb82/highres/6/x12469476_1.jpg,CA,Ingersoll (Ingersoll - South),Ontario,scripts/images_ca_selenium/29005082.jpg
https://www.realtor.ca/real-estate/29005080/3181-bayham-lane-london-south-south-v-south-v,29005080,"3181 BAYHAM LANE, London South (South V), Ontario",829900,4,3,2500,,https://cdn.realtor.ca/listings/TS638963246270870000/reb82/highres/3/x12469463_1.jpg,CA,London South (South V),Ontario,scripts/images_ca_selenium/29005080.jpg
https://www.realtor.ca/real-estate/29004959/1061-richmond-street-london-east-east-a-east-a,29004959,"1061 RICHMOND STREET, London East (East A), Ontario",2999999,12,26,16000,,https://cdn.realtor.ca/listings/TS638963229544430000/reb82/highres/4/x12469394_1.jpg,CA,London East (East A),Ontario,scripts/images_ca_selenium/29004959.jpg
https://www.realtor.ca/real-estate/29004894/184-simcoe-street-london-east-east-k-east-k,29004894,"184 SIMCOE STREET, London East (East K), Ontario",729900,5 + 1,4,2000,,https://cdn.realtor.ca/listings/TS638963223653400000/reb76/highres/0/x12469490_1.jpg,CA,London East (East K),Ontario,scripts/images_ca_selenium/29004894.jpg
https://www.realtor.ca/real-estate/29004862/21-beechwood-circle-st-thomas-st-thomas,29004862,"21 BEECHWOOD CIRCLE, St. Thomas, Ontario",1250000,3,3,1500,,https://cdn.realtor.ca/listings/TS638963221964100000/reb13/highres/1/x12462371_1.jpg,CA,St. Thomas,Ontario,scripts/images_ca_selenium/29004862.jpg
https://www.realtor.ca/real-estate/29004715/120-ashbury-avenue-london-south-south-y-south-y,29004715,"120 ASHBURY AVENUE, London South (South Y), Ontario",529990,3 + 1,2,700,,https://cdn.realtor.ca/listings/TS638963209137500000/reb82/highres/4/x12469364_1.jpg,CA,London South (South Y),Ontario,scripts/images_ca_selenium/29004715.jpg
https://www.realtor.ca/real-estate/29004709/1061-richmond-street-london-east-east-b-east-b,29004709,"1061 RICHMOND STREET, London East (East B), Ontario",2999999,27,27,5000,,https://cdn.realtor.ca/listings/TS638963209121330000/reb82/highres/3/x12469313_1.jpg,CA,London East (East B),Ontario,scripts/images_ca_selenium/29004709.jpg
https://www.realtor.ca/real-estate/29004647/40-355-sandringham-crescent-london-south-south-r-south-r,29004647,"40 - 355 SANDRINGHAM CRESCENT, London South (South R), Ontario",349900,3,2,1200,,https://cdn.realtor.ca/listings/TS638963204620530000/reb13/highres/5/x12469405_1.jpg,CA,London South (South R),Ontario,scripts/images_ca_selenium/29004647.jpg
https://www.realtor.ca/real-estate/29005954/2163-winding-way-burlington-headon-headon,29005954,"2163 WINDING WAY, Burlington (Headon), Ontario",1399900,4 + 1,4,2000,,https://cdn.realtor.ca/listings/TS638963457347170000/reb82/highres/1/w12469821_1.jpg,CA,Burlington (Headon),Ontario,scripts/images_ca_selenium/29005954.jpg
https://www.realtor.ca/real-estate/29005949/3268-cloise-way-oakville-go-glenorchy-1008-go-glenorchy,29005949,"3268 CLOISE WAY, Oakville (GO Glenorchy), Ontario",1785888,4 + 1,4,2500,,https://cdn.realtor.ca/listings/TS638963457337800000/reb82/highres/0/w12469810_1.jpg,CA,Oakville (GO Glenorchy),Ontario,scripts/images_ca_selenium/29005949.jpg
https://www.realtor.ca/real-estate/29005915/23-beaverton-drive-hamilton,29005915,"23 BEAVERTON Drive, Hamilton, Ontario",599999,3,2,1329,,https://cdn.realtor.ca/listings/TS638963433055300000/reb17/highres/9/40780259_1.jpg,CA,Hamilton,Ontario,scripts/images_ca_selenium/29005915.jpg
https://www.realtor.ca/real-estate/29005892/523-exmoor-street-waterloo,29005892,"523 EXMOOR STREET, Waterloo, Ontario",699900,3 + 1,3,1100,,https://cdn.realtor.ca/listings/TS638963418684500000/reb47/highres/3/x12469803_1.jpg,CA,Waterloo,Ontario,scripts/images_ca_selenium/29005892.jpg
https://www.realtor.ca/real-estate/29005876/1-jarvis-street-unit-511-hamilton,29005876,"1 JARVIS Street Unit# 511, Hamilton, Ontario",499900,2,2,980,,https://cdn.realtor.ca/listings/TS638963405896100000/reb14/highres/4/40780024_1.jpg,CA,Hamilton,Ontario,scripts/images_ca_selenium/29005876.jpg
https://www.realtor.ca/real-estate/29005863/31-academy-street-ancaster,29005863,"31 ACADEMY Street, Ancaster, Ontario",899999,3,2,1930,,https://cdn.realtor.ca/listings/TS638963399295730000/reb14/highres/2/40780312_1.jpg,CA,Ancaster,Ontario,scripts/images_ca_selenium/29005863.jpg
https://www.realtor.ca/real-estate/29005788/611-345-wheat-boom-drive-oakville-jm-joshua-meadows-1010-jm-joshua-meadows,29005788,"611 - 345 WHEAT BOOM DRIVE, Oakville (JM Joshua Meadows), Ontario",799900,2 + 1,2,1000,,https://cdn.realtor.ca/listings/TS638963385676130000/reb82/highres/0/w12469750_1.jpg,CA,Oakville (JM Joshua Meadows),Ontario,scripts/images_ca_selenium/29005788.jpg
https://www.realtor.ca/real-estate/29005770/2470-rebecca-street-oakville,29005770,"2470 REBECCA Street, Oakville, Ontario",1190000,3 + 1,1,1200,,https://cdn.realtor.ca/listings/TS638963369682300000/reb14/highres/4/40779634_1.jpg,CA,Oakville,Ontario,scripts/images_ca_selenium/29005770.jpg
https://www.realtor.ca/real-estate/29005768/60-hasler-crescent-guelph,29005768,"60 HASLER Crescent, Guelph, Ontario",739900,3,3,1270,,https://cdn.realtor.ca/listings/TS638963369616630000/reb14/highres/1/40780311_1.jpg,CA,Guelph,Ontario,scripts/images_ca_selenium/29005768.jpg
https://www.realtor.ca/real-estate/29005767/152-ridge-road-cambridge,29005767,"152 RIDGE ROAD, Cambridge, Ontario",1090000,4,4,2500,,https://cdn.realtor.ca/listings/TS638963368152600000/reb82/highres/9/x12469739_1.jpg,CA,Cambridge,Ontario,scripts/images_ca_selenium/29005767.jpg
https://www.realtor.ca/real-estate/29005730/585-colborne-street-unit-1304-brantford,29005730,"585 COLBORNE Street Unit# 1304, Brantford, Ontario",649900,3,3,1500,,https://cdn.realtor.ca/listings/TS638963354431970000/reb41/highres/5/40780285_1.jpg,CA,Brantford,Ontario,scripts/images_ca_selenium/29005730.jpg
https://www.realtor.ca/real-estate/29005711/152-overlea-drive-kitchener,29005711,"152 OVERLEA DRIVE, Kitchener, Ontario",724999,3,3,1100,,https://cdn.realtor.ca/listings/TS638963352142500000/reb82/highres/1/x12469721_1.jpg,CA,Kitchener,Ontario,scripts/images_ca_selenium/29005711.jpg
https://www.realtor.ca/real-estate/29005975/7-middlewood-court-ottawa-8205-munster,29005975,"7 MIDDLEWOOD COURT, Ottawa, Ontario",675000,3 + 1,2,1100,,https://cdn.realtor.ca/listings/TS638963475353830000/reb76/highres/0/x12469840_1.jpg,CA,Ottawa,Ontario,scripts/images_ca_selenium/29005975.jpg
https://www.realtor.ca/real-estate/29005956/320-cresthaven-drive-ottawa-7710-barrhaven-east,29005956,"320 CRESTHAVEN DRIVE, Ottawa, Ontario",394900,2,3,500,,https://cdn.realtor.ca/listings/TS638963457555730000/reb76/highres/2/x12469832_1.jpg,CA,Ottawa,Ontario,scripts/images_ca_selenium/29005956.jpg
https://www.realtor.ca/real-estate/29005922/32-rue-de-salernes-gatineau-gatineau-cote-azur,29005922,"32 Rue de Salernes, Gatineau (Gatineau), Quebec",689900,5,2,1345,,https://cdn.realtor.ca/listings/TS638963435030600000/reb109/highres/0/22555890_1.jpg,CA,Gatineau (Gatineau),Quebec,scripts/images_ca_selenium/29005922.jpg
https://www.realtor.ca/real-estate/29005921/2401-boul-lafontaine-2-saint-jerome-lafontaine,29005921,"2401 Boul. Lafontaine, #2, Saint-Jérôme, Quebec",399900,2,1,971,,https://cdn.realtor.ca/listings/TS638963434827770000/reb109/highres/8/10751128_1.jpg,CA,Saint-Jérôme,Quebec,scripts/images_ca_selenium/29005921.jpg
https://www.realtor.ca/real-estate/29005873/00-limoges-road-the-nation-616-limoges,29005873,"00 LIMOGES ROAD, The Nation, Ontario",599900,,,,,https://cdn.realtor.ca/listings/TS638963403517500000/reb76/highres/7/x12469777_1.jpg,CA,The Nation,Ontario,scripts/images_ca_selenium/29005873.jpg
https://www.realtor.ca/real-estate/29005874/2020-acoustic-way-ottawa-2602-riverside-southgloucester-glen,29005874,"2020 ACOUSTIC WAY, Ottawa, Ontario",1289000,7,5,3500,,https://cdn.realtor.ca/listings/TS638963403520170000/reb76/highres/8/x12469778_1.jpg,CA,Ottawa,Ontario,scripts/images_ca_selenium/29005874.jpg
https://www.realtor.ca/real-estate/29005764/231-squadron-crescent-ottawa-3104-cfb-rockcliffe-and-area,29005764,"231 SQUADRON CRESCENT, Ottawa, Ontario",635000,2,3,1500,,https://cdn.realtor.ca/listings/TS638963367428700000/reb76/highres/8/x12469758_1.jpg,CA,Ottawa,Ontario,scripts/images_ca_selenium/29005764.jpg
https://www.realtor.ca/real-estate/29005763/1720-jobin-crescent-ottawa-2202-carson-grove,29005763,"1720 JOBIN CRESCENT, Ottawa, Ontario",679900,3,3,1100,,https://cdn.realtor.ca/listings/TS638963367426830000/reb76/highres/7/x12469757_1.jpg,CA,Ottawa,Ontario,scripts/images_ca_selenium/29005763.jpg
https://www.realtor.ca/real-estate/29005766/870-anciano-crescent-ottawa-9010-kanata-emerald-meadowstrailwest,29005766,"870 ANCIANO CRESCENT, Ottawa, Ontario",577500,2,3,1100,,https://cdn.realtor.ca/listings/TS638963367431700000/reb76/highres/3/x12469763_1.jpg,CA,Ottawa,Ontario,scripts/images_ca_selenium/29005766.jpg
https://www.realtor.ca/real-estate/29005762/176a-sherway-drive-ottawa-7701-barrhaven-pheasant-run,29005762,"176A SHERWAY DRIVE, Ottawa, Ontario",624900,3,3,1500,,https://cdn.realtor.ca/listings/TS638963367424900000/reb76/highres/2/x12469752_1.jpg,CA,Ottawa,Ontario,scripts/images_ca_selenium/29005762.jpg
https://www.realtor.ca/real-estate/29005751/1871-rue-parisien-gatineau-gatineau-la-blanche-et-industriel,29005751,"1871 Rue Parisien, Gatineau (Gatineau), Quebec",498500,3,2,1250,,https://cdn.realtor.ca/listings/TS638963363536430000/reb109/highres/5/27370345_1.jpg,CA,Gatineau (Gatineau),Quebec,scripts/images_ca_selenium/29005751.jpg
https://www.realtor.ca/real-estate/29005749/2710-ch-salomon-dicaire-papineauville,29005749,"2710 Ch. Salomon-Dicaire, Papineauville, Quebec",699900,5,2,2443,,https://cdn.realtor.ca/listings/TS638963363308400000/reb109/highres/4/14004854_1.jpg,CA,Papineauville,Quebec,scripts/images_ca_selenium/29005749.jpg
https://www.realtor.ca/real-estate/29005968/2323-dobbinton-street-oshawa-windfields-windfields,29005968,"2323 DOBBINTON STREET, Oshawa (Windfields), Ontario",839000,5 + 1,4,3000,,https://cdn.realtor.ca/listings/TS638963467069530000/reb82/highres/9/e12469829_1.jpg,CA,Oshawa (Windfields),Ontario,scripts/images_ca_selenium/29005968.jpg
https://www.realtor.ca/real-estate/29005890/1496-simcoe-street-n-oshawa-samac-samac,29005890,"1496 SIMCOE STREET N, Oshawa (Samac), Ontario",559900,4,2,700,,https://cdn.realtor.ca/listings/TS638963418309400000/reb88/highres/6/e12469806_1.jpg,CA,Oshawa (Samac),Ontario,scripts/images_ca_selenium/29005890.jpg
https://www.realtor.ca/real-estate/29005780/345-park-road-s-oshawa-vanier-vanier,29005780,"345 PARK ROAD S, Oshawa (Vanier), Ontario",699000,3 + 2,2,1100,,https://cdn.realtor.ca/listings/TS638963379083200000/reb82/highres/1/e12469761_1.jpg,CA,Oshawa (Vanier),Ontario,scripts/images_ca_selenium/29005780.jpg
https://www.realtor.ca/real-estate/29005741/53-ferris-square-clarington-courtice-courtice,29005741,"53 FERRIS SQUARE, Clarington (Courtice), Ontario",689900,3 + 1,4,1500,,https://cdn.realtor.ca/listings/TS638963359871030000/reb82/highres/1/e12469731_1.jpg,CA,Clarington (Courtice),Ontario,scripts/images_ca_selenium/29005741.jpg
https://www.realtor.ca/real-estate/29005681/2-mawby-street-ajax-northeast-ajax-northeast-ajax,29005681,"2 MAWBY STREET, Ajax (Northeast Ajax), Ontario",1290000,4 + 1,4,2000,,https://cdn.realtor.ca/listings/TS638963343188000000/reb82/highres/8/e12469698_1.jpg,CA,Ajax (Northeast Ajax),Ontario,scripts/images_ca_selenium/29005681.jpg
https://www.realtor.ca/real-estate/29005630/252-bloor-street-e-oshawa-lakeview-lakeview,29005630,"252 BLOOR STREET E, Oshawa (Lakeview), Ontario",739888,3,3,700,,https://cdn.realtor.ca/listings/TS638963325154200000/reb82/highres/0/e12469680_1.jpg,CA,Oshawa (Lakeview),Ontario,scripts/images_ca_selenium/29005630.jpg
https://www.realtor.ca/real-estate/29005519/122-bryant-road-ajax-south-east-south-east,29005519,"122 BRYANT ROAD, Ajax (South East), Ontario",889000,3,2,1100,,https://cdn.realtor.ca/listings/TS638963306844600000/reb82/highres/8/e12469668_1.jpg,CA,Ajax (South East),Ontario,scripts/images_ca_selenium/29005519.jpg
https://www.realtor.ca/real-estate/29005331/58-teddington-crescent-whitby-pringle-creek-pringle-creek,29005331,"58 TEDDINGTON CRESCENT, Whitby (Pringle Creek), Ontario",799000,3,3,1100,,https://cdn.realtor.ca/listings/TS638963271488900000/reb82/highres/8/e12469588_1.jpg,CA,Whitby (Pringle Creek),Ontario,scripts/images_ca_selenium/29005331.jpg
https://www.realtor.ca/real-estate/29005332/56-ringwood-drive-whitby-rolling-acres-rolling-acres,29005332,"56 RINGWOOD DRIVE, Whitby (Rolling Acres), Ontario",999000,4,3,2500,,https://cdn.realtor.ca/listings/TS638963271491300000/reb82/highres/0/e12469590_1.jpg,CA,Whitby (Rolling Acres),Ontario,scripts/images_ca_selenium/29005332.jpg
https://www.realtor.ca/real-estate/29004999/434-446-simcoe-street-s-oshawa-central-central,29004999,"434-446 SIMCOE STREET S, Oshawa (Central), Ontario",1,,,,,https://cdn.realtor.ca/listings/TS638963236065430000/reb82/highres/1/e12469461_1.jpg,CA,Oshawa (Central),Ontario,scripts/images_ca_selenium/29004999.jpg
https://www.realtor.ca/real-estate/29005000/506-1711-pure-springs-boulevard-pickering-duffin-heights-duffin-heights,29005000,"506 - 1711 PURE SPRINGS BOULEVARD, Pickering (Duffin Heights), Ontario",499000,2,3,1000,,https://cdn.realtor.ca/listings/TS638963236066430000/reb82/highres/7/e12469467_1.jpg,CA,Pickering (Duffin Heights),Ontario,scripts/images_ca_selenium/29005000.jpg
https://www.realtor.ca/real-estate/29004835/24-mill-street-oshawa-central-central,29004835,"24 MILL STREET, Oshawa (Central), Ontario",1,,,,,https://cdn.realtor.ca/listings/TS638963220389070000/reb82/highres/9/e12469389_1.jpg,CA,Oshawa (Central),Ontario,scripts/images_ca_selenium/29004835.jpg
https://www.realtor.ca/real-estate/29005891/32-glenholme-drive-guelph-yorkwatson-industrial-park-yorkwatson-industrial-park,29005891,"32 GLENHOLME DRIVE, Guelph (York/Watson Industrial Park), Ontario",1200000,4,4,2000,,https://cdn.realtor.ca/listings/TS638963418679700000/reb47/highres/0/x12469790_1.jpg,CA,Guelph (York/Watson Industrial Park),Ontario,scripts/images_ca_selenium/29005891.jpg
https://www.realtor.ca/real-estate/29005892/523-exmoor-street-waterloo,29005892,"523 EXMOOR STREET, Waterloo, Ontario",699900,3 + 1,3,1100,,https://cdn.realtor.ca/listings/TS638963418684500000/reb47/highres/3/x12469803_1.jpg,CA,Waterloo,Ontario,scripts/images_ca_selenium/29005892.jpg
https://www.realtor.ca/real-estate/29005768/60-hasler-crescent-guelph,29005768,"60 HASLER Crescent, Guelph, Ontario",739900,3,3,1270,,https://cdn.realtor.ca/listings/TS638963369616630000/reb14/highres/1/40780311_1.jpg,CA,Guelph,Ontario,scripts/images_ca_selenium/29005768.jpg
https://www.realtor.ca/real-estate/29005767/152-ridge-road-cambridge,29005767,"152 RIDGE ROAD, Cambridge, Ontario",1090000,4,4,2500,,https://cdn.realtor.ca/listings/TS638963368152600000/reb82/highres/9/x12469739_1.jpg,CA,Cambridge,Ontario,scripts/images_ca_selenium/29005767.jpg
https://www.realtor.ca/real-estate/29005711/152-overlea-drive-kitchener,29005711,"152 OVERLEA DRIVE, Kitchener, Ontario",724999,3,3,1100,,https://cdn.realtor.ca/listings/TS638963352142500000/reb82/highres/1/x12469721_1.jpg,CA,Kitchener,Ontario,scripts/images_ca_selenium/29005711.jpg
https://www.realtor.ca/real-estate/29005636/152-overlea-drive-kitchener,29005636,"152 OVERLEA Drive, Kitchener, Ontario",724999,3,3,1196,,https://cdn.realtor.ca/listings/TS638963327200630000/reb14/highres/6/40780306_1.jpg,CA,Kitchener,Ontario,scripts/images_ca_selenium/29005636.jpg
https://www.realtor.ca/real-estate/29005278/146-appalachian-crescent-kitchener,29005278,"146 APPALACHIAN CRESCENT, Kitchener, Ontario",649000,3 + 3,2,700,,https://cdn.realtor.ca/listings/TS638963263448370000/reb82/highres/7/x12469547_1.jpg,CA,Kitchener,Ontario,scripts/images_ca_selenium/29005278.jpg
https://www.realtor.ca/real-estate/29005276/1502-108-garment-street-kitchener,29005276,"1502 - 108 GARMENT STREET, Kitchener, Ontario",579900,2,2,900,,https://cdn.realtor.ca/listings/TS638963263445830000/reb82/highres/6/x12469536_1.jpg,CA,Kitchener,Ontario,scripts/images_ca_selenium/29005276.jpg
https://www.realtor.ca/real-estate/29005259/31-mill-street-unit-89-kitchener,29005259,"31 MILL Street Unit# 89, Kitchener, Ontario",699900,2,3,1154,,https://cdn.realtor.ca/listings/TS638963263039830000/reb14/highres/5/40780305_1.jpg,CA,Kitchener,Ontario,scripts/images_ca_selenium/29005259.jpg
https://www.realtor.ca/real-estate/29005260/31-mill-street-unit-86-kitchener,29005260,"31 MILL Street Unit# 86, Kitchener, Ontario",699900,2,3,1154,,https://cdn.realtor.ca/listings/TS638963261979370000/reb14/highres/4/40780304_1.jpg,CA,Kitchener,Ontario,scripts/images_ca_selenium/29005260.jpg
https://www.realtor.ca/real-estate/29005261/31-mill-street-unit-83-kitchener,29005261,"31 MILL Street Unit# 83, Kitchener, Ontario",699900,2,3,1154,,https://cdn.realtor.ca/listings/TS638963261980500000/reb14/highres/3/40780303_1.jpg,CA,Kitchener,Ontario,scripts/images_ca_selenium/29005261.jpg
https://www.realtor.ca/real-estate/29005262/31-mill-street-unit-29-kitchener,29005262,"31 MILL Street Unit# 29, Kitchener, Ontario",699900,2,3,1154,,https://cdn.realtor.ca/listings/TS638963261981800000/reb14/highres/1/40780301_1.jpg,CA,Kitchener,Ontario,scripts/images_ca_selenium/29005262.jpg
https://www.realtor.ca/real-estate/29004147/19-cherry-lane-stone-mills-stone-mills-63-stone-mills,29004147,"19 CHERRY LANE, Stone Mills (Stone Mills), Ontario",599900,3,2,700,,https://cdn.realtor.ca/listings/TS638963148877970000/reb37/highres/1/x12469141_1.jpg,CA,Stone Mills (Stone Mills),Ontario,scripts/images_ca_selenium/29004147.jpg
https://www.realtor.ca/real-estate/29004148/3746-stage-coach-road-frontenac-frontenac-south-47-frontenac-south,29004148,"3746 STAGE COACH ROAD, Frontenac (Frontenac South), Ontario",948800,4,3,2500,,https://cdn.realtor.ca/listings/TS638963158939430000/reb37/highres/0/x12469210_1.jpg,CA,Frontenac (Frontenac South),Ontario,scripts/images_ca_selenium/29004148.jpg
https://www.realtor.ca/real-estate/29003668/530-county-rd-2-road-front-of-leeds-seeleys-bay-02-front-of-leeds-seeleys-bay,29003668,"530 COUNTY RD 2 ROAD, Front of Leeds & Seeleys Bay, Ontario",519900,3,2,1100,,https://cdn.realtor.ca/listings/TS638963112922770000/reb37/highres/5/x12469035_1.jpg,CA,Front of Leeds & Seeleys Bay,Ontario,scripts/images_ca_selenium/29003668.jpg
https://www.realtor.ca/real-estate/29003666/2161c-county-rd-9-greater-napanee-greater-napanee-58-greater-napanee,29003666,"2161C COUNTY RD 9, Greater Napanee (Greater Napanee), Ontario",449900,2,1,700,,https://cdn.realtor.ca/listings/TS638963112918670000/reb37/highres/7/x12468907_1.jpg,CA,Greater Napanee (Greater Napanee),Ontario,scripts/images_ca_selenium/29003666.jpg
https://www.realtor.ca/real-estate/29003667/140-simurda-court-loyalist-amherstview-54-amherstview,29003667,"140 SIMURDA COURT, Loyalist (Amherstview), Ontario",529900,3,3,1100,,https://cdn.realtor.ca/listings/TS638963112920530000/reb37/highres/3/x12468923_1.jpg,CA,Loyalist (Amherstview),Ontario,scripts/images_ca_selenium/29003667.jpg
https://www.realtor.ca/real-estate/29003432/22-miller-street-lansdowne-village-03-lansdowne-village,29003432,"22 MILLER STREET, Lansdowne Village, Ontario",399000,3,2,1500,,https://cdn.realtor.ca/listings/TS638963095253730000/reb37/highres/7/x12468827_1.jpg,CA,Lansdowne Village,Ontario,scripts/images_ca_selenium/29003432.jpg
https://www.realtor.ca/real-estate/29003347/lot-85-bayview-drive-greater-napanee-greater-napanee-58-greater-napanee,29003347,"LOT 85 BAYVIEW DRIVE, Greater Napanee (Greater Napanee), Ontario",129000,,0,,,https://cdn.realtor.ca/listings/TS638963090457370000/reb82/highres/6/x12468626_1.jpg,CA,Greater Napanee (Greater Napanee),Ontario,scripts/images_ca_selenium/29003347.jpg
https://www.realtor.ca/real-estate/29003161/14-258-queen-mary-road-kingston-central-city-west-18-central-city-west,29003161,"14 - 258 QUEEN MARY ROAD, Kingston (Central City West), Ontario",299900,2,1,800,,https://cdn.realtor.ca/listings/TS638963077195330000/reb37/highres/6/x12468726_1.jpg,CA,Kingston (Central City West),Ontario,scripts/images_ca_selenium/29003161.jpg
https://www.realtor.ca/real-estate/29003162/00-buttermilk-falls-road-greater-napanee-greater-napanee-58-greater-napanee,29003162,"00 BUTTERMILK FALLS ROAD, Greater Napanee (Greater Napanee), Ontario",175000,,0,,,https://cdn.realtor.ca/listings/TS638963077198270000/reb37/highres/7/x12468727_1.jpg,CA,Greater Napanee (Greater Napanee),Ontario,scripts/images_ca_selenium/29003162.jpg
https://www.realtor.ca/real-estate/29003160/609-union-street-kingston-central-city-west-18-central-city-west,29003160,"609 UNION STREET, Kingston (Central City West), Ontario",528900,2,2,1100,,https://cdn.realtor.ca/listings/TS638963077192000000/reb37/highres/0/x12468710_1.jpg,CA,Kingston (Central City West),Ontario,scripts/images_ca_selenium/29003160.jpg
https://www.realtor.ca/real-estate/29002897/489-prinyers-cove-crescent-prince-edward-county-north-marysburgh-north-marysburgh,29002897,"489 PRINYERS COVE CRESCENT, Prince Edward County (North Marysburgh), Ontario",120000,,0,,,https://cdn.realtor.ca/listings/TS638963059984530000/reb88/highres/0/x12468680_1.jpg,CA,Prince Edward County (North Marysburgh),Ontario,scripts/images_ca_selenium/29002897.jpg
https://www.realtor.ca/real-estate/29002590/532-county-road-14-road-stone-mills-stone-mills,29002590,"532 COUNTY ROAD 14 ROAD, Stone Mills, Ontario",949000,4,2,2000,,https://cdn.realtor.ca/listings/TS638963071887700000/reb82/highres/9/x12468299_1.jpg,CA,Stone Mills,Ontario,scripts/images_ca_selenium/29002590.jpg
https://www.realtor.ca/real-estate/29005986/605-1140-parkwest-place-mississauga-lakeview-lakeview,29005986,"605 - 1140 PARKWEST PLACE, Mississauga (Lakeview), Ontario",719000,2,2,1000,,https://cdn.realtor.ca/listings/TS638963488631200000/reb82/highres/1/w12469841_1.jpg,CA,Mississauga (Lakeview),Ontario,scripts/images_ca_selenium/29005986.jpg
https://www.realtor.ca/real-estate/29005967/140-spring-forest-square-toronto-agincourt-south-malvern-west-agincourt-south-malvern-west,29005967,"140 SPRING FOREST SQUARE, Toronto (Agincourt South-Malvern West), Ontario",699900,3 + 1,3,1100,,https://cdn.realtor.ca/listings/TS638963467062100000/reb82/highres/6/e12469826_1.jpg,CA,Toronto (Agincourt South-Malvern West),Ontario,scripts/images_ca_selenium/29005967.jpg
https://www.realtor.ca/real-estate/29005954/2163-winding-way-burlington-headon-headon,29005954,"2163 WINDING WAY, Burlington (Headon), Ontario",1399900,4 + 1,4,2000,,https://cdn.realtor.ca/listings/TS638963457347170000/reb82/highres/1/w12469821_1.jpg,CA,Burlington (Headon),Ontario,scripts/images_ca_selenium/29005954.jpg
https://www.realtor.ca/real-estate/29005949/3268-cloise-way-oakville-go-glenorchy-1008-go-glenorchy,29005949,"3268 CLOISE WAY, Oakville (GO Glenorchy), Ontario",1785888,4 + 1,4,2500,,https://cdn.realtor.ca/listings/TS638963457337800000/reb82/highres/0/w12469810_1.jpg,CA,Oakville (GO Glenorchy),Ontario,scripts/images_ca_selenium/29005949.jpg
https://www.realtor.ca/real-estate/29005928/511-700-sheppard-avenue-w-toronto-bathurst-manor-bathurst-manor,29005928,"511 - 700 SHEPPARD AVENUE W, Toronto (Bathurst Manor), Ontario",1050880,2,2,700,,https://cdn.realtor.ca/listings/TS638963449897400000/reb82/highres/1/c12469811_1.jpg,CA,Toronto (Bathurst Manor),Ontario,scripts/images_ca_selenium/29005928.jpg
https://www.realtor.ca/real-estate/29005929/601-700-sheppard-avenue-w-toronto-bathurst-manor-bathurst-manor,29005929,"601 - 700 SHEPPARD AVENUE W, Toronto (Bathurst Manor), Ontario",1160600,2 + 1,2,800,,https://cdn.realtor.ca/listings/TS638963449898430000/reb82/highres/2/c12469812_1.jpg,CA,Toronto (Bathurst Manor),Ontario,scripts/images_ca_selenium/29005929.jpg
https://www.realtor.ca/real-estate/29005931/902-700-sheppard-avenue-w-toronto-bathurst-manor-bathurst-manor,29005931,"902 - 700 SHEPPARD AVENUE W, Toronto (Bathurst Manor), Ontario",1559600,2,3,1000,,https://cdn.realtor.ca/listings/TS638963449901400000/reb82/highres/0/c12469820_1.jpg,CA,Toronto (Bathurst Manor),Ontario,scripts/images_ca_selenium/29005931.jpg
https://www.realtor.ca/real-estate/29005912/810-700-sheppard-avenue-w-toronto-bathurst-manor-bathurst-manor,29005912,"810 - 700 SHEPPARD AVENUE W, Toronto (Bathurst Manor), Ontario",1040880,2,1,700,,https://cdn.realtor.ca/listings/TS638963430485630000/reb82/highres/5/c12469805_1.jpg,CA,Toronto (Bathurst Manor),Ontario,scripts/images_ca_selenium/29005912.jpg
https://www.realtor.ca/real-estate/29005909/802-700-sheppard-avenue-w-toronto-bathurst-manor-bathurst-manor,29005909,"802 - 700 SHEPPARD AVENUE W, Toronto (Bathurst Manor), Ontario",1068200,2,2,700,,https://cdn.realtor.ca/listings/TS638963430473800000/reb82/highres/0/c12469800_1.jpg,CA,Toronto (Bathurst Manor),Ontario,scripts/images_ca_selenium/29005909.jpg
https://www.realtor.ca/real-estate/29005906/127-sultana-avenue-toronto-englemount-lawrence-englemount-lawrence,29005906,"127 SULTANA AVENUE, Toronto (Englemount-Lawrence), Ontario",3499999,4,4,3500,,https://cdn.realtor.ca/listings/TS638963430464130000/reb82/highres/3/c12469793_1.jpg,CA,Toronto (Englemount-Lawrence),Ontario,scripts/images_ca_selenium/29005906.jpg
https://www.realtor.ca/real-estate/29005896/27-jardine-street-brampton-northgate-northgate,29005896,"27 JARDINE STREET, Brampton (Northgate), Ontario",999900,4 + 2,4,1500,,https://cdn.realtor.ca/listings/TS638963421391270000/reb82/highres/6/w12469786_1.jpg,CA,Brampton (Northgate),Ontario,scripts/images_ca_selenium/29005896.jpg
https://www.realtor.ca/real-estate/29005895/4402-60-absolute-avenue-mississauga-city-centre-city-centre,29005895,"4402 - 60 ABSOLUTE AVENUE, Mississauga (City Centre), Ontario",618800,2 + 1,2,1000,,https://cdn.realtor.ca/listings/TS638963421389730000/reb82/highres/9/w12469779_1.jpg,CA,Mississauga (City Centre),Ontario,scripts/images_ca_selenium/29005895.jpg
https://www.realtor.ca/real-estate/29005986/605-1140-parkwest-place-mississauga-lakeview-lakeview,29005986,"605 - 1140 PARKWEST PLACE, Mississauga (Lakeview), Ontario",719000,2,2,1000,,https://cdn.realtor.ca/listings/TS638963488631200000/reb82/highres/1/w12469841_1.jpg,CA,Mississauga (Lakeview),Ontario,scripts/images_ca_selenium/29005986.jpg
https://www.realtor.ca/real-estate/29005971/37-heatherwood-crescent-markham-unionville-unionville,29005971,"37 HEATHERWOOD CRESCENT, Markham (Unionville), Ontario",2688000,5 + 2,4,3500,,https://cdn.realtor.ca/listings/TS638963468883500000/reb82/highres/0/n12469830_1.jpg,CA,Markham (Unionville),Ontario,scripts/images_ca_selenium/29005971.jpg
https://www.realtor.ca/real-estate/29005967/140-spring-forest-square-toronto-agincourt-south-malvern-west-agincourt-south-malvern-west,29005967,"140 SPRING FOREST SQUARE, Toronto (Agincourt South-Malvern West), Ontario",699900,3 + 1,3,1100,,https://cdn.realtor.ca/listings/TS638963467062100000/reb82/highres/6/e12469826_1.jpg,CA,Toronto (Agincourt South-Malvern West),Ontario,scripts/images_ca_selenium/29005967.jpg
https://www.realtor.ca/real-estate/29005928/511-700-sheppard-avenue-w-toronto-bathurst-manor-bathurst-manor,29005928,"511 - 700 SHEPPARD AVENUE W, Toronto (Bathurst Manor), Ontario",1050880,2,2,700,,https://cdn.realtor.ca/listings/TS638963449897400000/reb82/highres/1/c12469811_1.jpg,CA,Toronto (Bathurst Manor),Ontario,scripts/images_ca_selenium/29005928.jpg
https://www.realtor.ca/real-estate/29005929/601-700-sheppard-avenue-w-toronto-bathurst-manor-bathurst-manor,29005929,"601 - 700 SHEPPARD AVENUE W, Toronto (Bathurst Manor), Ontario",1160600,2 + 1,2,800,,https://cdn.realtor.ca/listings/TS638963449898430000/reb82/highres/2/c12469812_1.jpg,CA,Toronto (Bathurst Manor),Ontario,scripts/images_ca_selenium/29005929.jpg
https://www.realtor.ca/real-estate/29005931/902-700-sheppard-avenue-w-toronto-bathurst-manor-bathurst-manor,29005931,"902 - 700 SHEPPARD AVENUE W, Toronto (Bathurst Manor), Ontario",1559600,2,3,1000,,https://cdn.realtor.ca/listings/TS638963449901400000/reb82/highres/0/c12469820_1.jpg,CA,Toronto (Bathurst Manor),Ontario,scripts/images_ca_selenium/29005931.jpg
https://www.realtor.ca/real-estate/29005912/810-700-sheppard-avenue-w-toronto-bathurst-manor-bathurst-manor,29005912,"810 - 700 SHEPPARD AVENUE W, Toronto (Bathurst Manor), Ontario",1040880,2,1,700,,https://cdn.realtor.ca/listings/TS638963430485630000/reb82/highres/5/c12469805_1.jpg,CA,Toronto (Bathurst Manor),Ontario,scripts/images_ca_selenium/29005912.jpg
https://www.realtor.ca/real-estate/29005909/802-700-sheppard-avenue-w-toronto-bathurst-manor-bathurst-manor,29005909,"802 - 700 SHEPPARD AVENUE W, Toronto (Bathurst Manor), Ontario",1068200,2,2,700,,https://cdn.realtor.ca/listings/TS638963430473800000/reb82/highres/0/c12469800_1.jpg,CA,Toronto (Bathurst Manor),Ontario,scripts/images_ca_selenium/29005909.jpg
https://www.realtor.ca/real-estate/29005906/127-sultana-avenue-toronto-englemount-lawrence-englemount-lawrence,29005906,"127 SULTANA AVENUE, Toronto (Englemount-Lawrence), Ontario",3499999,4,4,3500,,https://cdn.realtor.ca/listings/TS638963430464130000/reb82/highres/3/c12469793_1.jpg,CA,Toronto (Englemount-Lawrence),Ontario,scripts/images_ca_selenium/29005906.jpg
https://www.realtor.ca/real-estate/29005896/27-jardine-street-brampton-northgate-northgate,29005896,"27 JARDINE STREET, Brampton (Northgate), Ontario",999900,4 + 2,4,1500,,https://cdn.realtor.ca/listings/TS638963421391270000/reb82/highres/6/w12469786_1.jpg,CA,Brampton (Northgate),Ontario,scripts/images_ca_selenium/29005896.jpg
https://www.realtor.ca/real-estate/29005895/4402-60-absolute-avenue-mississauga-city-centre-city-centre,29005895,"4402 - 60 ABSOLUTE AVENUE, Mississauga (City Centre), Ontario",618800,2 + 1,2,1000,,https://cdn.realtor.ca/listings/TS638963421389730000/reb82/highres/9/w12469779_1.jpg,CA,Mississauga (City Centre),Ontario,scripts/images_ca_selenium/29005895.jpg
https://www.realtor.ca/real-estate/29005891/32-glenholme-drive-guelph-yorkwatson-industrial-park-yorkwatson-industrial-park,29005891,"32 GLENHOLME DRIVE, Guelph (York/Watson Industrial Park), Ontario",1200000,4,4,2000,,https://cdn.realtor.ca/listings/TS638963418679700000/reb47/highres/0/x12469790_1.jpg,CA,Guelph (York/Watson Industrial Park),Ontario,scripts/images_ca_selenium/29005891.jpg
https://www.realtor.ca/real-estate/29005971/37-heatherwood-crescent-markham-unionville-unionville,29005971,"37 HEATHERWOOD CRESCENT, Markham (Unionville), Ontario",2688000,5 + 2,4,3500,,https://cdn.realtor.ca/listings/TS638963468883500000/reb82/highres/0/n12469830_1.jpg,CA,Markham (Unionville),Ontario,scripts/images_ca_selenium/29005971.jpg
https://www.realtor.ca/real-estate/29005967/140-spring-forest-square-toronto-agincourt-south-malvern-west-agincourt-south-malvern-west,29005967,"140 SPRING FOREST SQUARE, Toronto (Agincourt South-Malvern West), Ontario",699900,3 + 1,3,1100,,https://cdn.realtor.ca/listings/TS638963467062100000/reb82/highres/6/e12469826_1.jpg,CA,Toronto (Agincourt South-Malvern West),Ontario,scripts/images_ca_selenium/29005967.jpg
https://www.realtor.ca/real-estate/29005928/511-700-sheppard-avenue-w-toronto-bathurst-manor-bathurst-manor,29005928,"511 - 700 SHEPPARD AVENUE W, Toronto (Bathurst Manor), Ontario",1050880,2,2,700,,https://cdn.realtor.ca/listings/TS638963449897400000/reb82/highres/1/c12469811_1.jpg,CA,Toronto (Bathurst Manor),Ontario,scripts/images_ca_selenium/29005928.jpg
https://www.realtor.ca/real-estate/29005929/601-700-sheppard-avenue-w-toronto-bathurst-manor-bathurst-manor,29005929,"601 - 700 SHEPPARD AVENUE W, Toronto (Bathurst Manor), Ontario",1160600,2 + 1,2,800,,https://cdn.realtor.ca/listings/TS638963449898430000/reb82/highres/2/c12469812_1.jpg,CA,Toronto (Bathurst Manor),Ontario,scripts/images_ca_selenium/29005929.jpg
https://www.realtor.ca/real-estate/29005931/902-700-sheppard-avenue-w-toronto-bathurst-manor-bathurst-manor,29005931,"902 - 700 SHEPPARD AVENUE W, Toronto (Bathurst Manor), Ontario",1559600,2,3,1000,,https://cdn.realtor.ca/listings/TS638963449901400000/reb82/highres/0/c12469820_1.jpg,CA,Toronto (Bathurst Manor),Ontario,scripts/images_ca_selenium/29005931.jpg
https://www.realtor.ca/real-estate/29005912/810-700-sheppard-avenue-w-toronto-bathurst-manor-bathurst-manor,29005912,"810 - 700 SHEPPARD AVENUE W, Toronto (Bathurst Manor), Ontario",1040880,2,1,700,,https://cdn.realtor.ca/listings/TS638963430485630000/reb82/highres/5/c12469805_1.jpg,CA,Toronto (Bathurst Manor),Ontario,scripts/images_ca_selenium/29005912.jpg
https://www.realtor.ca/real-estate/29005909/802-700-sheppard-avenue-w-toronto-bathurst-manor-bathurst-manor,29005909,"802 - 700 SHEPPARD AVENUE W, Toronto (Bathurst Manor), Ontario",1068200,2,2,700,,https://cdn.realtor.ca/listings/TS638963430473800000/reb82/highres/0/c12469800_1.jpg,CA,Toronto (Bathurst Manor),Ontario,scripts/images_ca_selenium/29005909.jpg
https://www.realtor.ca/real-estate/29005884/5-parkstone-road-markham-angus-glen-angus-glen,29005884,"5 PARKSTONE ROAD, Markham (Angus Glen), Ontario",1868000,4,4,2000,,https://cdn.realtor.ca/listings/TS638963416982670000/reb82/highres/6/n12469776_1.jpg,CA,Markham (Angus Glen),Ontario,scripts/images_ca_selenium/29005884.jpg
https://www.realtor.ca/real-estate/29005852/2801-80-antibes-drive-toronto-westminster-branson-westminster-branson,29005852,"2801 - 80 ANTIBES DRIVE, Toronto (Westminster-Branson), Ontario",595000,2,1,900,,https://cdn.realtor.ca/listings/TS638963394975530000/reb82/highres/4/c12469764_1.jpg,CA,Toronto (Westminster-Branson),Ontario,scripts/images_ca_selenium/29005852.jpg
https://www.realtor.ca/real-estate/29005785/202-2506-rutherford-road-vaughan-maple-maple,29005785,"202 - 2506 RUTHERFORD ROAD, Vaughan (Maple), Ontario",749000,2,2,1000,,https://cdn.realtor.ca/listings/TS638963380852530000/reb82/highres/6/n12469756_1.jpg,CA,Vaughan (Maple),Ontario,scripts/images_ca_selenium/29005785.jpg
https://www.realtor.ca/real-estate/29005777/719-2020-mcnicoll-avenue-toronto-milliken-milliken,29005777,"719 - 2020 MCNICOLL AVENUE, Toronto (Milliken), Ontario",625000,2 + 1,2,1000,,https://cdn.realtor.ca/listings/TS638963379079300000/reb82/highres/8/e12469748_1.jpg,CA,Toronto (Milliken),Ontario,scripts/images_ca_selenium/29005777.jpg
https://www.realtor.ca/real-estate/29005781/200-invergordon-avenue-toronto-agincourt-south-malvern-west-agincourt-south-malvern-west,29005781,"200 INVERGORDON AVENUE, Toronto (Agincourt South-Malvern West), Ontario",948000,3 + 1,4,1100,,https://cdn.realtor.ca/listings/TS638963379085100000/reb82/highres/2/e12469762_1.jpg,CA,Toronto (Agincourt South-Malvern West),Ontario,scripts/images_ca_selenium/29005781.jpg
https://www.realtor.ca/real-estate/29005971/37-heatherwood-crescent-markham-unionville-unionville,29005971,"37 HEATHERWOOD CRESCENT, Markham (Unionville), Ontario",2688000,5 + 2,4,3500,,https://cdn.realtor.ca/listings/TS638963468883500000/reb82/highres/0/n12469830_1.jpg,CA,Markham (Unionville),Ontario,scripts/images_ca_selenium/29005971.jpg
https://www.realtor.ca/real-estate/29005967/140-spring-forest-square-toronto-agincourt-south-malvern-west-agincourt-south-malvern-west,29005967,"140 SPRING FOREST SQUARE, Toronto (Agincourt South-Malvern West), Ontario",699900,3 + 1,3,1100,,https://cdn.realtor.ca/listings/TS638963467062100000/reb82/highres/6/e12469826_1.jpg,CA,Toronto (Agincourt South-Malvern West),Ontario,scripts/images_ca_selenium/29005967.jpg
https://www.realtor.ca/real-estate/29005928/511-700-sheppard-avenue-w-toronto-bathurst-manor-bathurst-manor,29005928,"511 - 700 SHEPPARD AVENUE W, Toronto (Bathurst Manor), Ontario",1050880,2,2,700,,https://cdn.realtor.ca/listings/TS638963449897400000/reb82/highres/1/c12469811_1.jpg,CA,Toronto (Bathurst Manor),Ontario,scripts/images_ca_selenium/29005928.jpg
https://www.realtor.ca/real-estate/29005929/601-700-sheppard-avenue-w-toronto-bathurst-manor-bathurst-manor,29005929,"601 - 700 SHEPPARD AVENUE W, Toronto (Bathurst Manor), Ontario",1160600,2 + 1,2,800,,https://cdn.realtor.ca/listings/TS638963449898430000/reb82/highres/2/c12469812_1.jpg,CA,Toronto (Bathurst Manor),Ontario,scripts/images_ca_selenium/29005929.jpg
https://www.realtor.ca/real-estate/29005931/902-700-sheppard-avenue-w-toronto-bathurst-manor-bathurst-manor,29005931,"902 - 700 SHEPPARD AVENUE W, Toronto (Bathurst Manor), Ontario",1559600,2,3,1000,,https://cdn.realtor.ca/listings/TS638963449901400000/reb82/highres/0/c12469820_1.jpg,CA,Toronto (Bathurst Manor),Ontario,scripts/images_ca_selenium/29005931.jpg
https://www.realtor.ca/real-estate/29005912/810-700-sheppard-avenue-w-toronto-bathurst-manor-bathurst-manor,29005912,"810 - 700 SHEPPARD AVENUE W, Toronto (Bathurst Manor), Ontario",1040880,2,1,700,,https://cdn.realtor.ca/listings/TS638963430485630000/reb82/highres/5/c12469805_1.jpg,CA,Toronto (Bathurst Manor),Ontario,scripts/images_ca_selenium/29005912.jpg
https://www.realtor.ca/real-estate/29005909/802-700-sheppard-avenue-w-toronto-bathurst-manor-bathurst-manor,29005909,"802 - 700 SHEPPARD AVENUE W, Toronto (Bathurst Manor), Ontario",1068200,2,2,700,,https://cdn.realtor.ca/listings/TS638963430473800000/reb82/highres/0/c12469800_1.jpg,CA,Toronto (Bathurst Manor),Ontario,scripts/images_ca_selenium/29005909.jpg
https://www.realtor.ca/real-estate/29005906/127-sultana-avenue-toronto-englemount-lawrence-englemount-lawrence,29005906,"127 SULTANA AVENUE, Toronto (Englemount-Lawrence), Ontario",3499999,4,4,3500,,https://cdn.realtor.ca/listings/TS638963430464130000/reb82/highres/3/c12469793_1.jpg,CA,Toronto (Englemount-Lawrence),Ontario,scripts/images_ca_selenium/29005906.jpg
https://www.realtor.ca/real-estate/29005884/5-parkstone-road-markham-angus-glen-angus-glen,29005884,"5 PARKSTONE ROAD, Markham (Angus Glen), Ontario",1868000,4,4,2000,,https://cdn.realtor.ca/listings/TS638963416982670000/reb82/highres/6/n12469776_1.jpg,CA,Markham (Angus Glen),Ontario,scripts/images_ca_selenium/29005884.jpg
https://www.realtor.ca/real-estate/29005882/1206-357-king-street-w-toronto-waterfront-communities-waterfront-communities-c1,29005882,"1206 - 357 KING STREET W, Toronto (Waterfront Communities), Ontario",499000,1 + 1,1,500,,https://cdn.realtor.ca/listings/TS638963414103370000/reb82/highres/2/c12469782_1.jpg,CA,Toronto (Waterfront Communities),Ontario,scripts/images_ca_selenium/29005882.jpg
https://www.realtor.ca/real-estate/29005856/590-jones-avenue-toronto-blake-jones-blake-jones,29005856,"590 JONES AVENUE, Toronto (Blake-Jones), Ontario",999000,4 + 1,3,1100,,https://cdn.realtor.ca/listings/TS638963396240330000/reb82/highres/3/e12469773_1.jpg,CA,Toronto (Blake-Jones),Ontario,scripts/images_ca_selenium/29005856.jpg
https://www.realtor.ca/real-estate/29005852/2801-80-antibes-drive-toronto-westminster-branson-westminster-branson,29005852,"2801 - 80 ANTIBES DRIVE, Toronto (Westminster-Branson), Ontario",595000,2,1,900,,https://cdn.realtor.ca/listings/TS638963394975530000/reb82/highres/4/c12469764_1.jpg,CA,Toronto (Westminster-Branson),Ontario,scripts/images_ca_selenium/29005852.jpg
https://www.realtor.ca/real-estate/29005971/37-heatherwood-crescent-markham-unionville-unionville,29005971,"37 HEATHERWOOD CRESCENT, Markham (Unionville), Ontario",2688000,5 + 2,4,3500,,https://cdn.realtor.ca/listings/TS638963468883500000/reb82/highres/0/n12469830_1.jpg,CA,Markham (Unionville),Ontario,scripts/images_ca_selenium/29005971.jpg
https://www.realtor.ca/real-estate/29005967/140-spring-forest-square-toronto-agincourt-south-malvern-west-agincourt-south-malvern-west,29005967,"140 SPRING FOREST SQUARE, Toronto (Agincourt South-Malvern West), Ontario",699900,3 + 1,3,1100,,https://cdn.realtor.ca/listings/TS638963467062100000/reb82/highres/6/e12469826_1.jpg,CA,Toronto (Agincourt South-Malvern West),Ontario,scripts/images_ca_selenium/29005967.jpg
https://www.realtor.ca/real-estate/29005928/511-700-sheppard-avenue-w-toronto-bathurst-manor-bathurst-manor,29005928,"511 - 700 SHEPPARD AVENUE W, Toronto (Bathurst Manor), Ontario",1050880,2,2,700,,https://cdn.realtor.ca/listings/TS638963449897400000/reb82/highres/1/c12469811_1.jpg,CA,Toronto (Bathurst Manor),Ontario,scripts/images_ca_selenium/29005928.jpg
https://www.realtor.ca/real-estate/29005929/601-700-sheppard-avenue-w-toronto-bathurst-manor-bathurst-manor,29005929,"601 - 700 SHEPPARD AVENUE W, Toronto (Bathurst Manor), Ontario",1160600,2 + 1,2,800,,https://cdn.realtor.ca/listings/TS638963449898430000/reb82/highres/2/c12469812_1.jpg,CA,Toronto (Bathurst Manor),Ontario,scripts/images_ca_selenium/29005929.jpg
https://www.realtor.ca/real-estate/29005931/902-700-sheppard-avenue-w-toronto-bathurst-manor-bathurst-manor,29005931,"902 - 700 SHEPPARD AVENUE W, Toronto (Bathurst Manor), Ontario",1559600,2,3,1000,,https://cdn.realtor.ca/listings/TS638963449901400000/reb82/highres/0/c12469820_1.jpg,CA,Toronto (Bathurst Manor),Ontario,scripts/images_ca_selenium/29005931.jpg
https://www.realtor.ca/real-estate/29005912/810-700-sheppard-avenue-w-toronto-bathurst-manor-bathurst-manor,29005912,"810 - 700 SHEPPARD AVENUE W, Toronto (Bathurst Manor), Ontario",1040880,2,1,700,,https://cdn.realtor.ca/listings/TS638963430485630000/reb82/highres/5/c12469805_1.jpg,CA,Toronto (Bathurst Manor),Ontario,scripts/images_ca_selenium/29005912.jpg
https://www.realtor.ca/real-estate/29005909/802-700-sheppard-avenue-w-toronto-bathurst-manor-bathurst-manor,29005909,"802 - 700 SHEPPARD AVENUE W, Toronto (Bathurst Manor), Ontario",1068200,2,2,700,,https://cdn.realtor.ca/listings/TS638963430473800000/reb82/highres/0/c12469800_1.jpg,CA,Toronto (Bathurst Manor),Ontario,scripts/images_ca_selenium/29005909.jpg
https://www.realtor.ca/real-estate/29005906/127-sultana-avenue-toronto-englemount-lawrence-englemount-lawrence,29005906,"127 SULTANA AVENUE, Toronto (Englemount-Lawrence), Ontario",3499999,4,4,3500,,https://cdn.realtor.ca/listings/TS638963430464130000/reb82/highres/3/c12469793_1.jpg,CA,Toronto (Englemount-Lawrence),Ontario,scripts/images_ca_selenium/29005906.jpg
https://www.realtor.ca/real-estate/29005896/27-jardine-street-brampton-northgate-northgate,29005896,"27 JARDINE STREET, Brampton (Northgate), Ontario",999900,4 + 2,4,1500,,https://cdn.realtor.ca/listings/TS638963421391270000/reb82/highres/6/w12469786_1.jpg,CA,Brampton (Northgate),Ontario,scripts/images_ca_selenium/29005896.jpg
https://www.realtor.ca/real-estate/29005882/1206-357-king-street-w-toronto-waterfront-communities-waterfront-communities-c1,29005882,"1206 - 357 KING STREET W, Toronto (Waterfront Communities), Ontario",499000,1 + 1,1,500,,https://cdn.realtor.ca/listings/TS638963414103370000/reb82/highres/2/c12469782_1.jpg,CA,Toronto (Waterfront Communities),Ontario,scripts/images_ca_selenium/29005882.jpg
https://www.realtor.ca/real-estate/29005859/10173-huntington-road-vaughan-kleinburg-kleinburg,29005859,"10173 HUNTINGTON ROAD, Vaughan (Kleinburg), Ontario",1455000,5,4,2000,,https://cdn.realtor.ca/listings/TS638963398090470000/reb82/highres/5/n12469765_1.jpg,CA,Vaughan (Kleinburg),Ontario,scripts/images_ca_selenium/29005859.jpg
https://www.realtor.ca/real-estate/29005856/590-jones-avenue-toronto-blake-jones-blake-jones,29005856,"590 JONES AVENUE, Toronto (Blake-Jones), Ontario",999000,4 + 1,3,1100,,https://cdn.realtor.ca/listings/TS638963396240330000/reb82/highres/3/e12469773_1.jpg,CA,Toronto (Blake-Jones),Ontario,scripts/images_ca_selenium/29005856.jpg
https://www.realtor.ca/real-estate/29005971/37-heatherwood-crescent-markham-unionville-unionville,29005971,"37 HEATHERWOOD CRESCENT, Markham (Unionville), Ontario",2688000,5 + 2,4,3500,,https://cdn.realtor.ca/listings/TS638963468883500000/reb82/highres/0/n12469830_1.jpg,CA,Markham (Unionville),Ontario,scripts/images_ca_selenium/29005971.jpg
https://www.realtor.ca/real-estate/29005928/511-700-sheppard-avenue-w-toronto-bathurst-manor-bathurst-manor,29005928,"511 - 700 SHEPPARD AVENUE W, Toronto (Bathurst Manor), Ontario",1050880,2,2,700,,https://cdn.realtor.ca/listings/TS638963449897400000/reb82/highres/1/c12469811_1.jpg,CA,Toronto (Bathurst Manor),Ontario,scripts/images_ca_selenium/29005928.jpg
https://www.realtor.ca/real-estate/29005929/601-700-sheppard-avenue-w-toronto-bathurst-manor-bathurst-manor,29005929,"601 - 700 SHEPPARD AVENUE W, Toronto (Bathurst Manor), Ontario",1160600,2 + 1,2,800,,https://cdn.realtor.ca/listings/TS638963449898430000/reb82/highres/2/c12469812_1.jpg,CA,Toronto (Bathurst Manor),Ontario,scripts/images_ca_selenium/29005929.jpg
https://www.realtor.ca/real-estate/29005931/902-700-sheppard-avenue-w-toronto-bathurst-manor-bathurst-manor,29005931,"902 - 700 SHEPPARD AVENUE W, Toronto (Bathurst Manor), Ontario",1559600,2,3,1000,,https://cdn.realtor.ca/listings/TS638963449901400000/reb82/highres/0/c12469820_1.jpg,CA,Toronto (Bathurst Manor),Ontario,scripts/images_ca_selenium/29005931.jpg
https://www.realtor.ca/real-estate/29005912/810-700-sheppard-avenue-w-toronto-bathurst-manor-bathurst-manor,29005912,"810 - 700 SHEPPARD AVENUE W, Toronto (Bathurst Manor), Ontario",1040880,2,1,700,,https://cdn.realtor.ca/listings/TS638963430485630000/reb82/highres/5/c12469805_1.jpg,CA,Toronto (Bathurst Manor),Ontario,scripts/images_ca_selenium/29005912.jpg
https://www.realtor.ca/real-estate/29005909/802-700-sheppard-avenue-w-toronto-bathurst-manor-bathurst-manor,29005909,"802 - 700 SHEPPARD AVENUE W, Toronto (Bathurst Manor), Ontario",1068200,2,2,700,,https://cdn.realtor.ca/listings/TS638963430473800000/reb82/highres/0/c12469800_1.jpg,CA,Toronto (Bathurst Manor),Ontario,scripts/images_ca_selenium/29005909.jpg
https://www.realtor.ca/real-estate/29005906/127-sultana-avenue-toronto-englemount-lawrence-englemount-lawrence,29005906,"127 SULTANA AVENUE, Toronto (Englemount-Lawrence), Ontario",3499999,4,4,3500,,https://cdn.realtor.ca/listings/TS638963430464130000/reb82/highres/3/c12469793_1.jpg,CA,Toronto (Englemount-Lawrence),Ontario,scripts/images_ca_selenium/29005906.jpg
https://www.realtor.ca/real-estate/29005896/27-jardine-street-brampton-northgate-northgate,29005896,"27 JARDINE STREET, Brampton (Northgate), Ontario",999900,4 + 2,4,1500,,https://cdn.realtor.ca/listings/TS638963421391270000/reb82/highres/6/w12469786_1.jpg,CA,Brampton (Northgate),Ontario,scripts/images_ca_selenium/29005896.jpg
https://www.realtor.ca/real-estate/29005884/5-parkstone-road-markham-angus-glen-angus-glen,29005884,"5 PARKSTONE ROAD, Markham (Angus Glen), Ontario",1868000,4,4,2000,,https://cdn.realtor.ca/listings/TS638963416982670000/reb82/highres/6/n12469776_1.jpg,CA,Markham (Angus Glen),Ontario,scripts/images_ca_selenium/29005884.jpg
https://www.realtor.ca/real-estate/29005859/10173-huntington-road-vaughan-kleinburg-kleinburg,29005859,"10173 HUNTINGTON ROAD, Vaughan (Kleinburg), Ontario",1455000,5,4,2000,,https://cdn.realtor.ca/listings/TS638963398090470000/reb82/highres/5/n12469765_1.jpg,CA,Vaughan (Kleinburg),Ontario,scripts/images_ca_selenium/29005859.jpg
https://www.realtor.ca/real-estate/29005852/2801-80-antibes-drive-toronto-westminster-branson-westminster-branson,29005852,"2801 - 80 ANTIBES DRIVE, Toronto (Westminster-Branson), Ontario",595000,2,1,900,,https://cdn.realtor.ca/listings/TS638963394975530000/reb82/highres/4/c12469764_1.jpg,CA,Toronto (Westminster-Branson),Ontario,scripts/images_ca_selenium/29005852.jpg
https://www.realtor.ca/real-estate/29005791/63-powell-drive-brampton-sandringham-wellington-sandringham-wellington,29005791,"63 POWELL DRIVE, Brampton (Sandringham-Wellington), Ontario",1349999,4,4,3000,,https://cdn.realtor.ca/listings/TS638963385679770000/reb82/highres/9/w12469759_1.jpg,CA,Brampton (Sandringham-Wellington),Ontario,scripts/images_ca_selenium/29005791.jpg
https://www.realtor.ca/real-estate/29005971/37-heatherwood-crescent-markham-unionville-unionville,29005971,"37 HEATHERWOOD CRESCENT, Markham (Unionville), Ontario",2688000,5 + 2,4,3500,,https://cdn.realtor.ca/listings/TS638963468883500000/reb82/highres/0/n12469830_1.jpg,CA,Markham (Unionville),Ontario,scripts/images_ca_selenium/29005971.jpg
https://www.realtor.ca/real-estate/29005967/140-spring-forest-square-toronto-agincourt-south-malvern-west-agincourt-south-malvern-west,29005967,"140 SPRING FOREST SQUARE, Toronto (Agincourt South-Malvern West), Ontario",699900,3 + 1,3,1100,,https://cdn.realtor.ca/listings/TS638963467062100000/reb82/highres/6/e12469826_1.jpg,CA,Toronto (Agincourt South-Malvern West),Ontario,scripts/images_ca_selenium/29005967.jpg
https://www.realtor.ca/real-estate/29005884/5-parkstone-road-markham-angus-glen-angus-glen,29005884,"5 PARKSTONE ROAD, Markham (Angus Glen), Ontario",1868000,4,4,2000,,https://cdn.realtor.ca/listings/TS638963416982670000/reb82/highres/6/n12469776_1.jpg,CA,Markham (Angus Glen),Ontario,scripts/images_ca_selenium/29005884.jpg
https://www.realtor.ca/real-estate/29005859/10173-huntington-road-vaughan-kleinburg-kleinburg,29005859,"10173 HUNTINGTON ROAD, Vaughan (Kleinburg), Ontario",1455000,5,4,2000,,https://cdn.realtor.ca/listings/TS638963398090470000/reb82/highres/5/n12469765_1.jpg,CA,Vaughan (Kleinburg),Ontario,scripts/images_ca_selenium/29005859.jpg
https://www.realtor.ca/real-estate/29005852/2801-80-antibes-drive-toronto-westminster-branson-westminster-branson,29005852,"2801 - 80 ANTIBES DRIVE, Toronto (Westminster-Branson), Ontario",595000,2,1,900,,https://cdn.realtor.ca/listings/TS638963394975530000/reb82/highres/4/c12469764_1.jpg,CA,Toronto (Westminster-Branson),Ontario,scripts/images_ca_selenium/29005852.jpg
https://www.realtor.ca/real-estate/29005785/202-2506-rutherford-road-vaughan-maple-maple,29005785,"202 - 2506 RUTHERFORD ROAD, Vaughan (Maple), Ontario",749000,2,2,1000,,https://cdn.realtor.ca/listings/TS638963380852530000/reb82/highres/6/n12469756_1.jpg,CA,Vaughan (Maple),Ontario,scripts/images_ca_selenium/29005785.jpg
https://www.realtor.ca/real-estate/29005777/719-2020-mcnicoll-avenue-toronto-milliken-milliken,29005777,"719 - 2020 MCNICOLL AVENUE, Toronto (Milliken), Ontario",625000,2 + 1,2,1000,,https://cdn.realtor.ca/listings/TS638963379079300000/reb82/highres/8/e12469748_1.jpg,CA,Toronto (Milliken),Ontario,scripts/images_ca_selenium/29005777.jpg
https://www.realtor.ca/real-estate/29005781/200-invergordon-avenue-toronto-agincourt-south-malvern-west-agincourt-south-malvern-west,29005781,"200 INVERGORDON AVENUE, Toronto (Agincourt South-Malvern West), Ontario",948000,3 + 1,4,1100,,https://cdn.realtor.ca/listings/TS638963379085100000/reb82/highres/2/e12469762_1.jpg,CA,Toronto (Agincourt South-Malvern West),Ontario,scripts/images_ca_selenium/29005781.jpg
https://www.realtor.ca/real-estate/29005758/23-mellowood-avenue-brampton-bram-east-bram-east,29005758,"23 MELLOWOOD AVENUE, Brampton (Bram East), Ontario",1499000,4 + 2,5,3000,,https://cdn.realtor.ca/listings/TS638963365521870000/reb82/highres/8/w12469738_1.jpg,CA,Brampton (Bram East),Ontario,scripts/images_ca_selenium/29005758.jpg
https://www.realtor.ca/real-estate/29005527/610-25-times-avenue-markham-commerce-valley-commerce-valley,29005527,"610 - 25 TIMES AVENUE, Markham (Commerce Valley), Ontario",745000,3,2,1000,,https://cdn.realtor.ca/listings/TS638963308698030000/reb82/highres/2/n12469662_1.jpg,CA,Markham (Commerce Valley),Ontario,scripts/images_ca_selenium/29005527.jpg
https://www.realtor.ca/real-estate/29005523/29-bellflower-lane-richmond-hill-oak-ridges-lake-wilcox-oak-ridges-lake-wilcox,29005523,"29 BELLFLOWER LANE, Richmond Hill (Oak Ridges Lake Wilcox), Ontario",1050000,3 + 1,3,1500,,https://cdn.realtor.ca/listings/TS638963308678100000/reb82/highres/6/n12469646_1.jpg,CA,Richmond Hill (Oak Ridges Lake Wilcox),Ontario,scripts/images_ca_selenium/29005523.jpg
https://www.realtor.ca/real-estate/29005451/2798-donald-cousens-parkway-markham-cornell-cornell,29005451,"2798 DONALD COUSENS PARKWAY, Markham (Cornell), Ontario",1190000,4 + 1,5,2000,,https://cdn.realtor.ca/listings/TS638963289909970000/reb82/highres/6/n12469616_1.jpg,CA,Markham (Cornell),Ontario,scripts/images_ca_selenium/29005451.jpg
https://www.realtor.ca/real-estate/29005986/605-1140-parkwest-place-mississauga-lakeview-lakeview,29005986,"605 - 1140 PARKWEST PLACE, Mississauga (Lakeview), Ontario",719000,2,2,1000,,https://cdn.realtor.ca/listings/TS638963488631200000/reb82/highres/1/w12469841_1.jpg,CA,Mississauga (Lakeview),Ontario,scripts/images_ca_selenium/29005986.jpg
https://www.realtor.ca/real-estate/29005954/2163-winding-way-burlington-headon-headon,29005954,"2163 WINDING WAY, Burlington (Headon), Ontario",1399900,4 + 1,4,2000,,https://cdn.realtor.ca/listings/TS638963457347170000/reb82/highres/1/w12469821_1.jpg,CA,Burlington (Headon),Ontario,scripts/images_ca_selenium/29005954.jpg
https://www.realtor.ca/real-estate/29005949/3268-cloise-way-oakville-go-glenorchy-1008-go-glenorchy,29005949,"3268 CLOISE WAY, Oakville (GO Glenorchy), Ontario",1785888,4 + 1,4,2500,,https://cdn.realtor.ca/listings/TS638963457337800000/reb82/highres/0/w12469810_1.jpg,CA,Oakville (GO Glenorchy),Ontario,scripts/images_ca_selenium/29005949.jpg
https://www.realtor.ca/real-estate/29005788/611-345-wheat-boom-drive-oakville-jm-joshua-meadows-1010-jm-joshua-meadows,29005788,"611 - 345 WHEAT BOOM DRIVE, Oakville (JM Joshua Meadows), Ontario",799900,2 + 1,2,1000,,https://cdn.realtor.ca/listings/TS638963385676130000/reb82/highres/0/w12469750_1.jpg,CA,Oakville (JM Joshua Meadows),Ontario,scripts/images_ca_selenium/29005788.jpg
https://www.realtor.ca/real-estate/29005770/2470-rebecca-street-oakville,29005770,"2470 REBECCA Street, Oakville, Ontario",1190000,3 + 1,1,1200,,https://cdn.realtor.ca/listings/TS638963369682300000/reb14/highres/4/40779634_1.jpg,CA,Oakville,Ontario,scripts/images_ca_selenium/29005770.jpg
https://www.realtor.ca/real-estate/29005697/mississauga-creditview,29005697,Address not available,1079000,3 + 2,4,1500,,https://cdn.realtor.ca/listings/TS638963349497070000/reb82/highres/3/w12469703_1.jpg,CA,Oakville,ON,scripts/images_ca_selenium/29005697.jpg
https://www.realtor.ca/real-estate/29005695/65-glenmanor-drive-oakville-co-central-1002-co-central,29005695,"65 GLENMANOR DRIVE, Oakville (CO Central), Ontario",1299000,3 + 1,2,1100,,https://cdn.realtor.ca/listings/TS638963349487770000/reb82/highres/9/w12469699_1.jpg,CA,Oakville (CO Central),Ontario,scripts/images_ca_selenium/29005695.jpg
https://www.realtor.ca/real-estate/29005642/385-pine-cove-road-burlington-roseland-roseland,29005642,"385 PINE COVE ROAD, Burlington (Roseland), Ontario",3290000,3 + 1,5,2500,,https://cdn.realtor.ca/listings/TS638963331296100000/reb82/highres/6/w12469686_1.jpg,CA,Burlington (Roseland),Ontario,scripts/images_ca_selenium/29005642.jpg
https://www.realtor.ca/real-estate/29005545/4085-wheelwright-crescent-mississauga-erin-mills-erin-mills,29005545,"4085 WHEELWRIGHT CRESCENT, Mississauga (Erin Mills), Ontario",1649000,4 + 1,4,1500,,https://cdn.realtor.ca/listings/TS638963313634500000/reb82/highres/3/w12469673_1.jpg,CA,Mississauga (Erin Mills),Ontario,scripts/images_ca_selenium/29005545.jpg
https://www.realtor.ca/real-estate/29005492/70-stewart-street-unit-102-oakville,29005492,"70 STEWART Street Unit# 102, Oakville, Ontario",609900,2,2,910,,https://cdn.realtor.ca/listings/TS638963364681130000/reb14/highres/1/40779921_1.jpg,CA,Oakville,Ontario,scripts/images_ca_selenium/29005492.jpg
https://www.realtor.ca/real-estate/29005469/1301-2155-burnhamthorpe-road-w-mississauga-erin-mills-erin-mills,29005469,"1301 - 2155 BURNHAMTHORPE ROAD W, Mississauga (Erin Mills), Ontario",399900,1,1,700,,https://cdn.realtor.ca/listings/TS638963293700400000/reb82/highres/3/w12469623_1.jpg,CA,Mississauga (Erin Mills),Ontario,scripts/images_ca_selenium/29005469.jpg
https://www.realtor.ca/real-estate/29005468/1188-bonin-crescent-milton-cl-clarke-1027-cl-clarke,29005468,"1188 BONIN CRESCENT, Milton (CL Clarke), Ontario",829000,3,3,1100,,https://cdn.realtor.ca/listings/TS638963293694730000/reb82/highres/2/w12469612_1.jpg,CA,Milton (CL Clarke),Ontario,scripts/images_ca_selenium/29005468.jpg
https://www.realtor.ca/real-estate/29005954/2163-winding-way-burlington-headon-headon,29005954,"2163 WINDING WAY, Burlington (Headon), Ontario",1399900,4 + 1,4,2000,,https://cdn.realtor.ca/listings/TS638963457347170000/reb82/highres/1/w12469821_1.jpg,CA,Burlington (Headon),Ontario,scripts/images_ca_selenium/29005954.jpg
https://www.realtor.ca/real-estate/29005949/3268-cloise-way-oakville-go-glenorchy-1008-go-glenorchy,29005949,"3268 CLOISE WAY, Oakville (GO Glenorchy), Ontario",1785888,4 + 1,4,2500,,https://cdn.realtor.ca/listings/TS638963457337800000/reb82/highres/0/w12469810_1.jpg,CA,Oakville (GO Glenorchy),Ontario,scripts/images_ca_selenium/29005949.jpg
https://www.realtor.ca/real-estate/29005876/1-jarvis-street-unit-511-hamilton,29005876,"1 JARVIS Street Unit# 511, Hamilton, Ontario",499900,2,2,980,,https://cdn.realtor.ca/listings/TS638963405896100000/reb14/highres/4/40780024_1.jpg,CA,Hamilton,Ontario,scripts/images_ca_selenium/29005876.jpg
https://www.realtor.ca/real-estate/29005788/611-345-wheat-boom-drive-oakville-jm-joshua-meadows-1010-jm-joshua-meadows,29005788,"611 - 345 WHEAT BOOM DRIVE, Oakville (JM Joshua Meadows), Ontario",799900,2 + 1,2,1000,,https://cdn.realtor.ca/listings/TS638963385676130000/reb82/highres/0/w12469750_1.jpg,CA,Oakville (JM Joshua Meadows),Ontario,scripts/images_ca_selenium/29005788.jpg
https://www.realtor.ca/real-estate/29005770/2470-rebecca-street-oakville,29005770,"2470 REBECCA Street, Oakville, Ontario",1190000,3 + 1,1,1200,,https://cdn.realtor.ca/listings/TS638963369682300000/reb14/highres/4/40779634_1.jpg,CA,Oakville,Ontario,scripts/images_ca_selenium/29005770.jpg
https://www.realtor.ca/real-estate/29005700/31-bayside-court-burlington-lasalle-lasalle,29005700,"31 BAYSIDE COURT, Burlington (LaSalle), Ontario",2880000,4,6,3500,,https://cdn.realtor.ca/listings/TS638963349500300000/reb82/highres/3/w12469713_1.jpg,CA,Burlington (LaSalle),Ontario,scripts/images_ca_selenium/29005700.jpg
https://www.realtor.ca/real-estate/29005695/65-glenmanor-drive-oakville-co-central-1002-co-central,29005695,"65 GLENMANOR DRIVE, Oakville (CO Central), Ontario",1299000,3 + 1,2,1100,,https://cdn.realtor.ca/listings/TS638963349487770000/reb82/highres/9/w12469699_1.jpg,CA,Oakville (CO Central),Ontario,scripts/images_ca_selenium/29005695.jpg
https://www.realtor.ca/real-estate/29005649/1011-white-oak-drive-unit-20-burlington,29005649,"1011 WHITE OAK Drive Unit# 20, Burlington, Ontario",799000,3,3,1281,,https://cdn.realtor.ca/listings/TS638963333922100000/reb14/highres/7/40780127_1.jpg,CA,Burlington,Ontario,scripts/images_ca_selenium/29005649.jpg
https://www.realtor.ca/real-estate/29005642/385-pine-cove-road-burlington-roseland-roseland,29005642,"385 PINE COVE ROAD, Burlington (Roseland), Ontario",3290000,3 + 1,5,2500,,https://cdn.realtor.ca/listings/TS638963331296100000/reb82/highres/6/w12469686_1.jpg,CA,Burlington (Roseland),Ontario,scripts/images_ca_selenium/29005642.jpg
https://www.realtor.ca/real-estate/29005492/70-stewart-street-unit-102-oakville,29005492,"70 STEWART Street Unit# 102, Oakville, Ontario",609900,2,2,910,,https://cdn.realtor.ca/listings/TS638963364681130000/reb14/highres/1/40779921_1.jpg,CA,Oakville,Ontario,scripts/images_ca_selenium/29005492.jpg
https://www.realtor.ca/real-estate/29005460/385-pine-cove-road-burlington,29005460,"385 PINE COVE Road, Burlington, Ontario",3290000,3 + 1,5,2900,,https://cdn.realtor.ca/listings/TS638963292745400000/reb14/highres/2/40780192_1.jpg,CA,Burlington,Ontario,scripts/images_ca_selenium/29005460.jpg
https://www.realtor.ca/real-estate/29005368/1310-2481-taunton-road-oakville-ro-river-oaks-1015-ro-river-oaks,29005368,"1310 - 2481 TAUNTON ROAD, Oakville (RO River Oaks), Ontario",449999,1,1,500,,https://cdn.realtor.ca/listings/TS638963277858700000/reb82/highres/6/w12469606_1.jpg,CA,Oakville (RO River Oaks),Ontario,scripts/images_ca_selenium/29005368.jpg
https://www.realtor.ca/real-estate/29005971/37-heatherwood-crescent-markham-unionville-unionville,29005971,"37 HEATHERWOOD CRESCENT, Markham (Unionville), Ontario",2688000,5 + 2,4,3500,,https://cdn.realtor.ca/listings/TS638963468883500000/reb82/highres/0/n12469830_1.jpg,CA,Markham (Unionville),Ontario,scripts/images_ca_selenium/29005971.jpg
https://www.realtor.ca/real-estate/29005968/2323-dobbinton-street-oshawa-windfields-windfields,29005968,"2323 DOBBINTON STREET, Oshawa (Windfields), Ontario",839000,5 + 1,4,3000,,https://cdn.realtor.ca/listings/TS638963467069530000/reb82/highres/9/e12469829_1.jpg,CA,Oshawa (Windfields),Ontario,scripts/images_ca_selenium/29005968.jpg
https://www.realtor.ca/real-estate/29005967/140-spring-forest-square-toronto-agincourt-south-malvern-west-agincourt-south-malvern-west,29005967,"140 SPRING FOREST SQUARE, Toronto (Agincourt South-Malvern West), Ontario",699900,3 + 1,3,1100,,https://cdn.realtor.ca/listings/TS638963467062100000/reb82/highres/6/e12469826_1.jpg,CA,Toronto (Agincourt South-Malvern West),Ontario,scripts/images_ca_selenium/29005967.jpg
https://www.realtor.ca/real-estate/29005890/1496-simcoe-street-n-oshawa-samac-samac,29005890,"1496 SIMCOE STREET N, Oshawa (Samac), Ontario",559900,4,2,700,,https://cdn.realtor.ca/listings/TS638963418309400000/reb88/highres/6/e12469806_1.jpg,CA,Oshawa (Samac),Ontario,scripts/images_ca_selenium/29005890.jpg
https://www.realtor.ca/real-estate/29005884/5-parkstone-road-markham-angus-glen-angus-glen,29005884,"5 PARKSTONE ROAD, Markham (Angus Glen), Ontario",1868000,4,4,2000,,https://cdn.realtor.ca/listings/TS638963416982670000/reb82/highres/6/n12469776_1.jpg,CA,Markham (Angus Glen),Ontario,scripts/images_ca_selenium/29005884.jpg
https://www.realtor.ca/real-estate/29005781/200-invergordon-avenue-toronto-agincourt-south-malvern-west-agincourt-south-malvern-west,29005781,"200 INVERGORDON AVENUE, Toronto (Agincourt South-Malvern West), Ontario",948000,3 + 1,4,1100,,https://cdn.realtor.ca/listings/TS638963379085100000/reb82/highres/2/e12469762_1.jpg,CA,Toronto (Agincourt South-Malvern West),Ontario,scripts/images_ca_selenium/29005781.jpg
https://www.realtor.ca/real-estate/29005777/719-2020-mcnicoll-avenue-toronto-milliken-milliken,29005777,"719 - 2020 MCNICOLL AVENUE, Toronto (Milliken), Ontario",625000,2 + 1,2,1000,,https://cdn.realtor.ca/listings/TS638963379079300000/reb82/highres/8/e12469748_1.jpg,CA,Toronto (Milliken),Ontario,scripts/images_ca_selenium/29005777.jpg
https://www.realtor.ca/real-estate/29005780/345-park-road-s-oshawa-vanier-vanier,29005780,"345 PARK ROAD S, Oshawa (Vanier), Ontario",699000,3 + 2,2,1100,,https://cdn.realtor.ca/listings/TS638963379083200000/reb82/highres/1/e12469761_1.jpg,CA,Oshawa (Vanier),Ontario,scripts/images_ca_selenium/29005780.jpg
https://www.realtor.ca/real-estate/29005681/2-mawby-street-ajax-northeast-ajax-northeast-ajax,29005681,"2 MAWBY STREET, Ajax (Northeast Ajax), Ontario",1290000,4 + 1,4,2000,,https://cdn.realtor.ca/listings/TS638963343188000000/reb82/highres/8/e12469698_1.jpg,CA,Ajax (Northeast Ajax),Ontario,scripts/images_ca_selenium/29005681.jpg
https://www.realtor.ca/real-estate/29005630/252-bloor-street-e-oshawa-lakeview-lakeview,29005630,"252 BLOOR STREET E, Oshawa (Lakeview), Ontario",739888,3,3,700,,https://cdn.realtor.ca/listings/TS638963325154200000/reb82/highres/0/e12469680_1.jpg,CA,Oshawa (Lakeview),Ontario,scripts/images_ca_selenium/29005630.jpg
https://www.realtor.ca/real-estate/29005527/610-25-times-avenue-markham-commerce-valley-commerce-valley,29005527,"610 - 25 TIMES AVENUE, Markham (Commerce Valley), Ontario",745000,3,2,1000,,https://cdn.realtor.ca/listings/TS638963308698030000/reb82/highres/2/n12469662_1.jpg,CA,Markham (Commerce Valley),Ontario,scripts/images_ca_selenium/29005527.jpg
https://www.realtor.ca/real-estate/29005519/122-bryant-road-ajax-south-east-south-east,29005519,"122 BRYANT ROAD, Ajax (South East), Ontario",889000,3,2,1100,,https://cdn.realtor.ca/listings/TS638963306844600000/reb82/highres/8/e12469668_1.jpg,CA,Ajax (South East),Ontario,scripts/images_ca_selenium/29005519.jpg
https://www.realtor.ca/real-estate/29005681/2-mawby-street-ajax-northeast-ajax-northeast-ajax,29005681,"2 MAWBY STREET, Ajax (Northeast Ajax), Ontario",1290000,4 + 1,4,2000,,https://cdn.realtor.ca/listings/TS638963343188000000/reb82/highres/8/e12469698_1.jpg,CA,Ajax (Northeast Ajax),Ontario,scripts/images_ca_selenium/29005681.jpg
https://www.realtor.ca/real-estate/29005519/122-bryant-road-ajax-south-east-south-east,29005519,"122 BRYANT ROAD, Ajax (South East), Ontario",889000,3,2,1100,,https://cdn.realtor.ca/listings/TS638963306844600000/reb82/highres/8/e12469668_1.jpg,CA,Ajax (South East),Ontario,scripts/images_ca_selenium/29005519.jpg
https://www.realtor.ca/real-estate/29005331/58-teddington-crescent-whitby-pringle-creek-pringle-creek,29005331,"58 TEDDINGTON CRESCENT, Whitby (Pringle Creek), Ontario",799000,3,3,1100,,https://cdn.realtor.ca/listings/TS638963271488900000/reb82/highres/8/e12469588_1.jpg,CA,Whitby (Pringle Creek),Ontario,scripts/images_ca_selenium/29005331.jpg
https://www.realtor.ca/real-estate/29005332/56-ringwood-drive-whitby-rolling-acres-rolling-acres,29005332,"56 RINGWOOD DRIVE, Whitby (Rolling Acres), Ontario",999000,4,3,2500,,https://cdn.realtor.ca/listings/TS638963271491300000/reb82/highres/0/e12469590_1.jpg,CA,Whitby (Rolling Acres),Ontario,scripts/images_ca_selenium/29005332.jpg
https://www.realtor.ca/real-estate/29005000/506-1711-pure-springs-boulevard-pickering-duffin-heights-duffin-heights,29005000,"506 - 1711 PURE SPRINGS BOULEVARD, Pickering (Duffin Heights), Ontario",499000,2,3,1000,,https://cdn.realtor.ca/listings/TS638963236066430000/reb82/highres/7/e12469467_1.jpg,CA,Pickering (Duffin Heights),Ontario,scripts/images_ca_selenium/29005000.jpg
https://www.realtor.ca/real-estate/29004836/402-44-falby-court-ajax-south-east-south-east,29004836,"#402 - 44 FALBY COURT, Ajax (South East), Ontario",449000,2 + 1,2,1000,,https://cdn.realtor.ca/listings/TS638963220391900000/reb82/highres/3/e12469403_1.jpg,CA,Ajax (South East),Ontario,scripts/images_ca_selenium/29004836.jpg
https://www.realtor.ca/real-estate/29004310/323-755-omega-drive-pickering-woodlands-woodlands,29004310,"323 - 755 OMEGA DRIVE, Pickering (Woodlands), Ontario",649000,2,3,1000,,https://cdn.realtor.ca/listings/TS638963164044270000/reb82/highres/9/e12469219_1.jpg,CA,Pickering (Woodlands),Ontario,scripts/images_ca_selenium/29004310.jpg
https://www.realtor.ca/real-estate/29004308/1093-glenanna-road-pickering-liverpool-liverpool,29004308,"1093 GLENANNA ROAD, Pickering (Liverpool), Ontario",1248000,4,4,2000,,https://cdn.realtor.ca/listings/TS638963164041700000/reb82/highres/3/e12469213_1.jpg,CA,Pickering (Liverpool),Ontario,scripts/images_ca_selenium/29004308.jpg
https://www.realtor.ca/real-estate/29003917/220-1695-dersan-street-pickering-duffin-heights-duffin-heights,29003917,"220 - 1695 DERSAN STREET, Pickering (Duffin Heights), Ontario",749000,3,2,1200,,https://cdn.realtor.ca/listings/TS638963128987200000/reb82/highres/1/e12469051_1.jpg,CA,Pickering (Duffin Heights),Ontario,scripts/images_ca_selenium/29003917.jpg
https://www.realtor.ca/real-estate/29003786/211-severn-street-oshawa-mclaughlin-mclaughlin,29003786,"211 SEVERN STREET, Oshawa (McLaughlin), Ontario",797900,2 + 1,2,1100,,https://cdn.realtor.ca/listings/TS638963118839870000/reb88/highres/0/e12468920_1.jpg,CA,Oshawa (McLaughlin),Ontario,scripts/images_ca_selenium/29003786.jpg
https://www.realtor.ca/real-estate/29003781/32-samandria-avenue-whitby-taunton-north-taunton-north,29003781,"32 SAMANDRIA AVENUE, Whitby (Taunton North), Ontario",849900,3 + 1,4,1100,,https://cdn.realtor.ca/listings/TS638963118372100000/reb82/highres/1/e12468861_1.jpg,CA,Whitby (Taunton North),Ontario,scripts/images_ca_selenium/29003781.jpg
https://www.realtor.ca/real-estate/29003431/1-12-petra-way-whitby-pringle-creek-pringle-creek,29003431,"1 - 12 PETRA WAY, Whitby (Pringle Creek), Ontario",599900,3,2,1000,,https://cdn.realtor.ca/listings/TS638963094618470000/reb88/highres/4/e12468824_1.jpg,CA,Whitby (Pringle Creek),Ontario,scripts/images_ca_selenium/29003431.jpg
https://www.realtor.ca/real-estate/29005968/2323-dobbinton-street-oshawa-windfields-windfields,29005968,"2323 DOBBINTON STREET, Oshawa (Windfields), Ontario",839000,5 + 1,4,3000,,https://cdn.realtor.ca/listings/TS638963467069530000/reb82/highres/9/e12469829_1.jpg,CA,Oshawa (Windfields),Ontario,scripts/images_ca_selenium/29005968.jpg
https://www.realtor.ca/real-estate/29005890/1496-simcoe-street-n-oshawa-samac-samac,29005890,"1496 SIMCOE STREET N, Oshawa (Samac), Ontario",559900,4,2,700,,https://cdn.realtor.ca/listings/TS638963418309400000/reb88/highres/6/e12469806_1.jpg,CA,Oshawa (Samac),Ontario,scripts/images_ca_selenium/29005890.jpg
https://www.realtor.ca/real-estate/29005780/345-park-road-s-oshawa-vanier-vanier,29005780,"345 PARK ROAD S, Oshawa (Vanier), Ontario",699000,3 + 2,2,1100,,https://cdn.realtor.ca/listings/TS638963379083200000/reb82/highres/1/e12469761_1.jpg,CA,Oshawa (Vanier),Ontario,scripts/images_ca_selenium/29005780.jpg
https://www.realtor.ca/real-estate/29005741/53-ferris-square-clarington-courtice-courtice,29005741,"53 FERRIS SQUARE, Clarington (Courtice), Ontario",689900,3 + 1,4,1500,,https://cdn.realtor.ca/listings/TS638963359871030000/reb82/highres/1/e12469731_1.jpg,CA,Clarington (Courtice),Ontario,scripts/images_ca_selenium/29005741.jpg
https://www.realtor.ca/real-estate/29005681/2-mawby-street-ajax-northeast-ajax-northeast-ajax,29005681,"2 MAWBY STREET, Ajax (Northeast Ajax), Ontario",1290000,4 + 1,4,2000,,https://cdn.realtor.ca/listings/TS638963343188000000/reb82/highres/8/e12469698_1.jpg,CA,Ajax (Northeast Ajax),Ontario,scripts/images_ca_selenium/29005681.jpg
https://www.realtor.ca/real-estate/29005630/252-bloor-street-e-oshawa-lakeview-lakeview,29005630,"252 BLOOR STREET E, Oshawa (Lakeview), Ontario",739888,3,3,700,,https://cdn.realtor.ca/listings/TS638963325154200000/reb82/highres/0/e12469680_1.jpg,CA,Oshawa (Lakeview),Ontario,scripts/images_ca_selenium/29005630.jpg
https://www.realtor.ca/real-estate/29005519/122-bryant-road-ajax-south-east-south-east,29005519,"122 BRYANT ROAD, Ajax (South East), Ontario",889000,3,2,1100,,https://cdn.realtor.ca/listings/TS638963306844600000/reb82/highres/8/e12469668_1.jpg,CA,Ajax (South East),Ontario,scripts/images_ca_selenium/29005519.jpg
https://www.realtor.ca/real-estate/29005451/2798-donald-cousens-parkway-markham-cornell-cornell,29005451,"2798 DONALD COUSENS PARKWAY, Markham (Cornell), Ontario",1190000,4 + 1,5,2000,,https://cdn.realtor.ca/listings/TS638963289909970000/reb82/highres/6/n12469616_1.jpg,CA,Markham (Cornell),Ontario,scripts/images_ca_selenium/29005451.jpg
https://www.realtor.ca/real-estate/29005331/58-teddington-crescent-whitby-pringle-creek-pringle-creek,29005331,"58 TEDDINGTON CRESCENT, Whitby (Pringle Creek), Ontario",799000,3,3,1100,,https://cdn.realtor.ca/listings/TS638963271488900000/reb82/highres/8/e12469588_1.jpg,CA,Whitby (Pringle Creek),Ontario,scripts/images_ca_selenium/29005331.jpg
https://www.realtor.ca/real-estate/29005332/56-ringwood-drive-whitby-rolling-acres-rolling-acres,29005332,"56 RINGWOOD DRIVE, Whitby (Rolling Acres), Ontario",999000,4,3,2500,,https://cdn.realtor.ca/listings/TS638963271491300000/reb82/highres/0/e12469590_1.jpg,CA,Whitby (Rolling Acres),Ontario,scripts/images_ca_selenium/29005332.jpg
https://www.realtor.ca/real-estate/29005328/393-rosebank-road-pickering-rosebank-rosebank,29005328,"393 ROSEBANK ROAD, Pickering (Rosebank), Ontario",2789900,5 + 1,6,3500,,https://cdn.realtor.ca/listings/TS638963271481800000/reb82/highres/6/e12469566_1.jpg,CA,Pickering (Rosebank),Ontario,scripts/images_ca_selenium/29005328.jpg
https://www.realtor.ca/real-estate/29005227/6-geoffrey-crescent-whitchurch-stouffville-stouffville-stouffville,29005227,"6 GEOFFREY CRESCENT, Whitchurch-Stouffville (Stouffville), Ontario",1349000,4 + 1,4,2500,,https://cdn.realtor.ca/listings/TS638963256504900000/reb82/highres/9/n12469549_1.jpg,CA,Whitchurch-Stouffville (Stouffville),Ontario,scripts/images_ca_selenium/29005227.jpg
https://www.realtor.ca/real-estate/29005878/5001-cremasco-lasalle,29005878,"5001 CREMASCO, LaSalle, Ontario",1699900,4 + 1,5,,,https://cdn.realtor.ca/listings/TS638963406484600000/reb34/highres/5/25026485_1.jpg,CA,LaSalle,Ontario,scripts/images_ca_selenium/29005878.jpg
https://www.realtor.ca/real-estate/29004714/1315-partington-avenue-windsor,29004714,"1315 PARTINGTON AVENUE, Windsor, Ontario",369900,3,1,1100,,https://realtor.ca/images/common/listingplaceholder-medres.jpg,CA,Windsor,Ontario,scripts/images_ca_selenium/29004714.jpg
https://www.realtor.ca/real-estate/29004537/3945-zanzibar-crescent-windsor,29004537,"3945 ZANZIBAR CRESCENT, Windsor, Ontario",899000,3 + 3,3,,,https://cdn.realtor.ca/listings/TS638963190337200000/reb34/highres/8/25026408_1.jpg,CA,Windsor,Ontario,scripts/images_ca_selenium/29004537.jpg
https://www.realtor.ca/real-estate/29004438/1361-chappell-avenue-windsor,29004438,"1361 CHAPPELL AVENUE, Windsor, Ontario",627900,4,3,3000,,https://cdn.realtor.ca/listings/TS638963178510330000/reb34/highres/5/25026475_1.jpg,CA,Windsor,Ontario,scripts/images_ca_selenium/29004438.jpg
https://www.realtor.ca/real-estate/29004207/1361-isabelle-pl-windsor,29004207,"1361 ISABELLE PL, Windsor, Ontario",549000,3 + 2,2,,,https://cdn.realtor.ca/listings/TS638963154512970000/reb34/highres/3/25026483_1.jpg,CA,Windsor,Ontario,scripts/images_ca_selenium/29004207.jpg
https://www.realtor.ca/real-estate/29003904/2980-clemenceau-windsor,29003904,"2980 CLEMENCEAU, Windsor, Ontario",375000,3,1,,,https://cdn.realtor.ca/listings/TS638963127908100000/reb34/highres/1/25026471_1.jpg,CA,Windsor,Ontario,scripts/images_ca_selenium/29003904.jpg
https://www.realtor.ca/real-estate/29003770/2600-sandwich-west-parkway-unit-301-lasalle,29003770,"2600 SANDWICH WEST PARKWAY Unit# 301, LaSalle, Ontario",469900,2,2,1124,,https://cdn.realtor.ca/listings/TS638963118074470000/reb34/highres/6/25026466_1.jpg,CA,LaSalle,Ontario,scripts/images_ca_selenium/29003770.jpg
https://www.realtor.ca/real-estate/29003565/vl-victoria-street-woodslee,29003565,"V/L Victoria STREET, Woodslee, Ontario",324900,,,,,https://cdn.realtor.ca/listings/TS638963106490000000/reb34/highres/0/25026210_1.jpg,CA,Woodslee,Ontario,scripts/images_ca_selenium/29003565.jpg
https://www.realtor.ca/real-estate/29003128/719-eugenie-windsor,29003128,"719 EUGENIE, Windsor, Ontario",374900,2,1,,,https://cdn.realtor.ca/listings/TS638963073545230000/reb34/highres/8/25026458_1.jpg,CA,Windsor,Ontario,scripts/images_ca_selenium/29003128.jpg
https://www.realtor.ca/real-estate/29002533/1056-60-niagara-windsor,29002533,"1056-60 NIAGARA, Windsor, Ontario",499900,6,2,,,https://cdn.realtor.ca/listings/TS638963039628870000/reb34/highres/8/25026028_1.jpg,CA,Windsor,Ontario,scripts/images_ca_selenium/29002533.jpg
https://www.realtor.ca/real-estate/29002359/124-kimball-drive-essex,29002359,"124 KIMBALL DRIVE, Essex, Ontario",639900,2,2,1250,,https://cdn.realtor.ca/listings/TS638963028304430000/reb34/highres/1/25026451_1.jpg,CA,Essex,Ontario,scripts/images_ca_selenium/29002359.jpg
https://www.realtor.ca/real-estate/29002205/914-thompson-boulevard-windsor,29002205,"914 THOMPSON BOULEVARD, Windsor, Ontario",549777,2 + 1,2,,,https://cdn.realtor.ca/listings/TS638963070748400000/reb34/highres/3/25026443_1.jpg,CA,Windsor,Ontario,scripts/images_ca_selenium/29002205.jpg
https://www.realtor.ca/real-estate/29005927/56-santone-avenue-welland-broadway-772-broadway,29005927,"56 SANTONE AVENUE, Welland (Broadway), Ontario",609900,3,2,1500,,https://cdn.realtor.ca/listings/TS638963440544000000/reb114/highres/9/x12469809_1.jpg,CA,Welland (Broadway),Ontario,scripts/images_ca_selenium/29005927.jpg
https://www.realtor.ca/real-estate/29005487/260-st-augustine-drive-st-catharines-secord-woods-455-secord-woods,29005487,"260 ST AUGUSTINE DRIVE, St. Catharines (Secord Woods), Ontario",524900,3 + 2,2,700,,https://cdn.realtor.ca/listings/TS638963302317670000/reb82/highres/7/x12469627_1.jpg,CA,St. Catharines (Secord Woods),Ontario,scripts/images_ca_selenium/29005487.jpg
https://www.realtor.ca/real-estate/29005479/11-bonavem-drive-st-catharines-fairview-446-fairview,29005479,"11 BONAVEM DRIVE, St. Catharines (Fairview), Ontario",529000,3 + 1,2,700,,https://cdn.realtor.ca/listings/TS638963296348730000/reb114/highres/9/x12469639_1.jpg,CA,St. Catharines (Fairview),Ontario,scripts/images_ca_selenium/29005479.jpg
https://www.realtor.ca/real-estate/29004914/73-roehampton-avenue-st-catharines-carltonbunting-444-carltonbunting,29004914,"73 ROEHAMPTON AVENUE, St. Catharines (Carlton/Bunting), Ontario",634900,3,2,700,,https://cdn.realtor.ca/listings/TS638963224948330000/reb114/highres/6/x12469466_1.jpg,CA,St. Catharines (Carlton/Bunting),Ontario,scripts/images_ca_selenium/29004914.jpg
https://www.realtor.ca/real-estate/29004913/3090-dorchester-road-niagara-falls-stamford-206-stamford,29004913,"3090 DORCHESTER ROAD, Niagara Falls (Stamford), Ontario",574900,3,3,1500,,https://cdn.realtor.ca/listings/TS638963224944200000/reb114/highres/4/x12469444_1.jpg,CA,Niagara Falls (Stamford),Ontario,scripts/images_ca_selenium/29004913.jpg
https://www.realtor.ca/real-estate/29004678/214-241-st-paul-street-w-st-catharines-western-hill-458-western-hill,29004678,"214 - 241 ST. PAUL STREET W, St. Catharines (Western Hill), Ontario",175000,3,1,1100,,https://cdn.realtor.ca/listings/TS638963207399930000/reb114/highres/7/x12469387_1.jpg,CA,St. Catharines (Western Hill),Ontario,scripts/images_ca_selenium/29004678.jpg
https://www.realtor.ca/real-estate/29004322/27-daleview-crescent-fonthill,29004322,"27 DALEVIEW Crescent, Fonthill, Ontario",879000,3 + 2,3,2603,,https://cdn.realtor.ca/listings/TS638963165607070000/reb14/highres/2/40780252_1.jpg,CA,Fonthill,Ontario,scripts/images_ca_selenium/29004322.jpg
https://www.realtor.ca/real-estate/29004266/20-ravine-road-st-catharines-oakdale-456-oakdale,29004266,"20 RAVINE ROAD, St. Catharines (Oakdale), Ontario",785000,3 + 1,3,1100,,https://cdn.realtor.ca/listings/TS638963159450370000/reb82/highres/7/x12469127_1.jpg,CA,St. Catharines (Oakdale),Ontario,scripts/images_ca_selenium/29004266.jpg
https://www.realtor.ca/real-estate/29004261/5302-biamonte-parkway-niagara-falls-cherrywood-211-cherrywood,29004261,"5302 BIAMONTE PARKWAY, Niagara Falls (Cherrywood), Ontario",634900,3 + 3,2,1100,,https://cdn.realtor.ca/listings/TS638963159433030000/reb82/highres/2/x12469102_1.jpg,CA,Niagara Falls (Cherrywood),Ontario,scripts/images_ca_selenium/29004261.jpg
https://www.realtor.ca/real-estate/29004073/95-bur-oak-drive-thorold-confederation-heights-558-confederation-heights,29004073,"95 BUR OAK DRIVE, Thorold (Confederation Heights), Ontario",699900,4 + 2,5,1500,,https://cdn.realtor.ca/listings/TS638963139338000000/reb82/highres/0/x12469020_1.jpg,CA,Thorold (Confederation Heights),Ontario,scripts/images_ca_selenium/29004073.jpg
https://www.realtor.ca/real-estate/29004074/25-devine-crescent-thorold-confederation-heights-558-confederation-heights,29004074,"25 DEVINE CRESCENT, Thorold (Confederation Heights), Ontario",525000,3 + 1,3,1100,,https://cdn.realtor.ca/listings/TS638963139340300000/reb82/highres/1/x12469021_1.jpg,CA,Thorold (Confederation Heights),Ontario,scripts/images_ca_selenium/29004074.jpg
https://www.realtor.ca/real-estate/29004065/60-parkdale-drive-thorold-thorold-downtown-557-thorold-downtown,29004065,"60 PARKDALE DRIVE, Thorold (Thorold Downtown), Ontario",669900,3 + 2,2,1100,,https://cdn.realtor.ca/listings/TS638963139318700000/reb82/highres/6/x12468946_1.jpg,CA,Thorold (Thorold Downtown),Ontario,scripts/images_ca_selenium/29004065.jpg
